id_talhao,ano_safra,regiao,cultivar,tipo_solo,irrigacao,area_plantada_ha,chuva_mm,temperatura_media_c,horas_sol_dia,ph_solo,fertilizante_kg_ha,indice_pragas,densidade_plantio_mil_sementes_ha,produtividade_ton_ha
TAL-01199,2022,Sudeste,Cultivar A,Misto,Irrigado,14.8,1042.1,22.4,7.57,6.89,160.9,2.18,54.9,7.636
TAL-00527,2025,Norte,Cultivar C,ARGILOSO,Sequeiro,61.9,453.8,27.7,4.23,6.18,151.8,4.26,78.5,5.552
TAL-00394,2024,Centro-Oeste,Cultivar A,Argiloso,Sequeiro,34.9,748.3,23.3,8.24,5.8,153.6,2.34,35.9,8.446
TAL-01408,2021,Sul,Cultivar A,Arenoso,Sequeiro,38.4,929.6,20.9,7.35,4.7,205.1,3.78,67.6,7.837
TAL-00434,2024,Nordeste,Cultivar A,Argiloso,Irrigado,22.2,1367.7,22.6,5.61,4.91,224.4,1.53,68.5,6.756
TAL-01721,2024,Sul,Cultivar B,Misto,Sequeiro,57.5,859.3,24.1,4.07,6.56,118.2,,47.1,7.716
TAL-01091,2024,Sul,Cultivar C,Argiloso,Sequeiro,50.2,887.1,,8.83,4.8,224.2,,81.6,7.065
TAL-00430,2024,Nordeste,Cultivar B,Arenoso,Sequeiro,34.8,922.2,27.2,6.85,5.76,103.6,5.05,68.7,7.125
TAL-01800,2023,Centro-Oeste,Cultivar A,Argiloso,Sequeiro,44.3,671.1,29.9,10.45,6.27,158.9,1.24,54.2,7.897
TAL-00531,2024,Centro-Oeste,Cultivar B,Misto,Sequeiro,29.5,995.5,21.2,8.23,5.55,152.1,2.94,54.9,9.314
TAL-01728,2022,Nordeste,Cultivar A,Arenoso,Sequeiro,34.6,1037.1,23.4,7.75,5.03,158.9,2.64,69.7,7.479
TAL-01454,2024,Norte,Cultivar A,Arenoso,Sequeiro,11.5,1093.8,,8.54,5.87,269.9,0.74,59.1,7.788
TAL-01294,2021,Sudeste,Cultivar A,Argiloso,Sequeiro,559.4,846.4,22.9,7.33,5.3,211.1,3.92,62.3,7.081
TAL-01619,2024,Norte,Cultivar A,Argiloso,Irrigado,17.7,,29.0,6.38,7.05,95.3,1.2,63.6,5.842
TAL-01023,2025,Norte,Cultivar A,Misto,Sequeiro,7.8,695.4,26.2,7.85,5.77,143.7,2.26,63.4,7.423
TAL-00679,2025,Sul,Cultivar B,Arenoso,Sequeiro,19.1,941.1,24.1,7.94,5.54,149.3,3.66,69.2,9.533
TAL-01129,2022,Centro-Oeste,Cultivar B,Misto,Irrigado,29.0,794.6,25.5,9.29,5.88,210.4,0.22,74.6,9.925
TAL-00125,2025,Sul,Cultivar A,Misto,Sequeiro,39.2,1205.2,28.7,7.48,5.51,110.4,2.17,58.3,6.497
TAL-01474,2021,Sudeste,Cultivar A,Arenoso,Sequeiro,38.7,710.2,23.6,5.01,6.25,146.6,3.44,62.1,7.475
TAL-00463,2024,Norte,Cultivar A,Arenoso,Irrigado,39.3,1158.0,24.7,5.76,6.13,222.7,3.32,57.3,6.543
TAL-01857,2024,Sul,Cultivar C,Argiloso,Sequeiro,14.3,891.3,24.9,8.22,4.96,124.1,2.67,54.2,7.152
TAL-01970,2023,Centro-Oeste,Cultivar A,Misto,Sequeiro,171.5,1176.2,15.7,4.96,6.04,138.8,2.31,69.6,4.861
TAL-01002,2022,Sudeste,Cultivar B,Argiloso,Irrigado,65.2,1202.4,24.9,4.96,6.3,191.0,0.44,58.7,9.051
TAL-01207,2024,Centro-Oeste,Cultivar A,ARENOSO,Sequeiro,93.2,1209.1,27.3,6.99,5.9,108.0,1.36,57.6,7.155
TAL-01705,2022,Sudeste,Cultivar A,Argiloso,Sequeiro,31.5,994.6,19.8,5.4,6.6,145.1,,71.6,7.313
TAL-01299,2024,Centro-Oeste,Cultivar A,ARENOSO,Irrigado,15.4,883.5,21.1,5.8,6.32,158.1,,55.3,8.053
TAL-01396,2024,Sul,Cultivar C,Argiloso,Irrigado,9.2,922.0,23.1,6.2,6.35,143.0,,49.1,7.989
TAL-01840,2025,Centro-Oeste,Cultivar A,Arenoso,Sequeiro,61.6,1307.1,27.0,7.92,6.08,254.1,1.55,64.7,8.139
TAL-00545,2023,Sul,Cultivar B,Argiloso,Sequeiro,100.9,725.7,22.4,8.26,5.86,118.3,4.27,75.6,9.076
TAL-01957,2024,Centro-Oeste,Cultivar C,Argiloso,Sequeiro,3.6,633.3,28.6,7.06,6.22,279.9,2.12,74.0,7.508
TAL-00974,2021,Nordeste,Cultivar C,Misto,Irrigado,45.9,1264.5,29.1,9.2,5.81,171.7,0.97,75.4,5.751
TAL-01710,2024,Sudeste,Cultivar B,Argiloso,Irrigado,40.9,684.2,28.1,7.55,6.44,223.1,5.03,73.4,7.912
TAL-00030,2024,Centro-Oeste,Cultivar B,Misto,Sequeiro,61.8,820.5,23.6,7.95,6.53,258.2,5.71,65.5,9.435
TAL-00544,2025,Norte,Cultivar A,ARGILOSO,Sequeiro,29.0,1217.3,26.2,4.77,5.42,87.2,,46.5,6.723
TAL-01451,2025,Nordeste,Cultivar B,Arenoso,Sequeiro,19.0,820.6,22.6,8.93,7.24,51.6,0.55,83.6,7.298
TAL-00810,2025,Norte,Cultivar A,Argiloso,Irrigado,31.8,1043.2,25.6,6.18,5.94,141.1,2.63,72.4,7.621
TAL-00775,2024,Sul,Cultivar B,Arenoso,Sequeiro,58.2,150.0,19.0,5.19,5.79,260.7,6.07,72.4,4.314
TAL-00057,2024,Sudeste,Cultivar C,Arenoso,Sequeiro,577.2,,22.6,7.51,6.36,171.5,,68.3,6.765
TAL-00520,2021,Nordeste,Cultivar A,Arenoso,Sequeiro,27.7,806.3,25.9,8.68,6.44,260.2,1.4,63.1,8.341
TAL-00585,2025,Nordeste,Cultivar A,Argiloso,Sequeiro,22.6,979.8,22.2,6.65,6.67,176.4,,75.2,7.743
TAL-00671,2021,Sul,Cultivar B,Arenoso,Sequeiro,24.2,1296.0,23.0,8.89,5.3,176.1,3.51,74.6,7.637
TAL-00252,2021,Nordeste,Cultivar B,Arenoso,Sequeiro,29.4,961.0,16.3,7.78,4.97,179.2,,59.8,5.007
TAL-00100,2025,Norte,Cultivar A,Misto,Sequeiro,53.0,964.3,22.2,6.77,5.23,238.1,6.01,75.3,7.637
TAL-00568,2023,Sul,Cultivar A,Arenoso,Sequeiro,19.4,964.3,23.1,8.06,6.82,120.4,2.56,93.0,8.131
TAL-00589,2023,Sul,Cultivar A,Argiloso,Irrigado,33.7,1000.6,29.0,7.54,5.73,177.9,3.07,52.8,7.391
TAL-00299,2021,Centro-Oeste,Cultivar A,Argiloso,Sequeiro,15.0,,23.6,9.07,6.99,300.8,,53.9,9.289
TAL-01556,2021,Centro-Oeste,Cultivar B,Misto,Irrigado,43.9,869.4,26.9,5.47,5.57,145.3,1.12,50.9,8.871
TAL-00423,2024,Sul,Cultivar B,Argiloso,Irrigado,414.1,1009.8,15.6,8.96,5.55,185.7,2.42,69.6,6.438
TAL-01780,2025,Sudeste,Cultivar C,Arenoso,Irrigado,18.8,746.1,22.5,8.89,5.69,19.8,2.0,57.4,6.409
TAL-01525,2021,Centro-Oeste,Cultivar B,Arenoso,Sequeiro,20.9,1180.7,26.3,6.66,5.94,212.5,2.58,49.8,8.871
TAL-01862,2023,Norte,Cultivar A,Arenoso,Sequeiro,20.0,472.8,22.6,5.62,6.14,217.7,3.79,59.9,6.143
TAL-01693,2024,Sul,Cultivar A,Argiloso,Sequeiro,103.8,1183.4,28.2,5.15,5.91,169.8,2.61,71.3,6.93
TAL-01544,2023,Sul,Cultivar A,Argiloso,Irrigado,20.7,307.8,28.4,7.07,6.82,91.9,,67.6,6.79
TAL-00496,2023,Centro-Oeste,Cultivar B,Argiloso,Sequeiro,53.8,677.1,25.8,9.67,6.56,267.4,1.14,64.2,9.636
TAL-01289,2023,Sudeste,Cultivar A,Arenoso,Sequeiro,72.7,611.7,25.1,6.56,6.64,189.9,1.31,61.0,7.605
TAL-01476,2025,Centro-Oeste,Cultivar A,Arenoso,Sequeiro,24.2,762.5,17.7,5.84,5.86,184.7,,47.8,5.714
TAL-00071,2023,Sul,Cultivar C,Argiloso,Irrigado,60.5,825.7,,8.22,6.0,168.9,3.61,70.7,7.29
TAL-00276,2023,Sudeste,Cultivar A,Arenoso,Irrigado,26.6,624.7,25.2,6.54,5.54,265.9,2.22,59.7,8.006
TAL-01054,2025,Sul,Cultivar B,Arenoso,Sequeiro,36.3,1112.2,30.3,7.47,4.99,242.1,3.5,80.9,7.094
TAL-01035,2023,Sudeste,Cultivar C,Argiloso,Sequeiro,22.0,902.5,18.6,5.92,6.38,145.5,0.47,56.0,6.76
TAL-00066,2022,Centro-Oeste,Cultivar C,MISTO,Irrigado,24.8,814.5,23.7,9.37,5.57,215.1,4.65,70.2,7.94
TAL-01660,2023,Sul,Cultivar A,Argiloso,Sequeiro,23.0,1107.9,24.8,7.85,5.85,286.3,2.52,41.4,8.104
TAL-01606,2025,Sul,Cultivar A,Argiloso,Irrigado,26.5,1220.6,29.3,5.04,6.03,233.2,,71.6,7.033
TAL-01086,2021,Centro-Oeste,Cultivar A,Argiloso,Irrigado,11.4,1004.9,25.8,9.06,5.19,319.3,4.63,63.8,9.338
TAL-01232,2025,Centro-Oeste,Cultivar A,Misto,Sequeiro,39.5,1106.0,22.6,10.27,6.16,299.6,2.88,51.2,8.37
TAL-00395,2021,Sul,Cultivar B,Argiloso,Sequeiro,7.6,,24.8,7.63,6.0,281.6,3.31,81.0,9.768
TAL-00924,2023,Centro-Oeste,Cultivar B,Misto,Sequeiro,69.9,639.4,23.2,6.79,5.04,98.5,3.81,54.9,7.778
TAL-01765,2023,Sul,Cultivar A,Argiloso,Sequeiro,61.7,1209.0,21.9,10.87,,23.3,2.39,62.5,7.293
TAL-00112,2022,Sul,Cultivar B,Misto,Sequeiro,233.2,848.5,25.0,8.94,5.8,211.6,1.88,49.2,9.921
TAL-00353,2025,Centro-Oeste,Cultivar A,Argiloso,Irrigado,26.3,956.3,22.3,7.33,5.86,238.7,2.59,77.1,8.562
TAL-01653,2022,Sul,Cultivar A,Argiloso,Sequeiro,17.1,558.9,25.1,4.44,5.71,175.6,,74.7,7.855
TAL-00860,2022,Centro-Oeste,Cultivar A,Arenoso,Sequeiro,12.5,1123.0,21.0,8.51,6.36,294.6,3.67,76.3,8.658
TAL-01246,2024,Sul,Cultivar B,Argiloso,Irrigado,148.3,575.3,21.6,7.13,6.16,218.4,5.17,76.9,8.819
TAL-01982,2021,Sudeste,Cultivar A,Argiloso,Irrigado,36.4,975.4,21.3,6.16,5.95,326.6,3.6,82.8,9.152
TAL-01229,2025,Norte,Cultivar B,Arenoso,Sequeiro,228.7,846.2,24.6,9.99,5.8,217.1,2.48,79.2,8.735
TAL-01406,2024,Sudeste,Cultivar C,Argiloso,Sequeiro,9.6,1413.2,23.5,7.68,6.3,241.5,3.41,51.1,7.061
TAL-01270,2025,Sudeste,Cultivar A,ARGILOSO,Sequeiro,32.9,833.5,27.5,7.71,5.99,202.2,3.87,56.6,7.274
TAL-01062,2025,Centro-Oeste,Cultivar A,Arenoso,Sequeiro,23.8,413.7,25.0,8.64,6.71,232.3,0.87,77.8,7.39
TAL-00629,2023,Centro-Oeste,Cultivar A,Arenoso,Sequeiro,51.5,787.1,23.7,8.12,7.0,273.5,2.89,80.5,8.655
TAL-00412,2023,Centro-Oeste,Cultivar C,Arenoso,Irrigado,23.3,150.0,20.7,7.11,6.52,201.6,,79.8,5.268
TAL-01445,2024,Sul,Cultivar C,Misto,Sequeiro,27.9,953.8,24.1,7.28,6.12,137.6,5.53,61.5,7.708
TAL-00536,2022,Sul,Cultivar B,Arenoso,Sequeiro,26.5,934.7,21.2,7.29,4.98,155.6,5.91,64.2,7.867
TAL-01337,2023,Sul,Cultivar B,Argiloso,Sequeiro,76.7,1323.0,27.2,7.83,,270.2,4.37,62.5,8.323
TAL-01191,2023,Sudeste,Cultivar A,Argiloso,Sequeiro,39.0,764.9,22.9,6.75,,71.5,2.47,53.1,6.832
TAL-01517,2025,Sul,Cultivar B,Arenoso,Irrigado,13.4,1079.8,21.0,7.83,5.77,259.0,,64.6,8.717
TAL-00070,2025,Sudeste,Cultivar B,Arenoso,Sequeiro,39.1,545.3,27.3,8.38,6.31,208.9,3.6,60.5,7.392
TAL-01125,2025,Sudeste,Cultivar A,Argiloso,Sequeiro,269.4,900.5,25.4,8.4,5.98,92.1,3.06,72.2,7.319
TAL-00555,2025,Sul,Cultivar A,Arenoso,Sequeiro,104.2,1068.6,24.3,5.92,5.45,138.8,5.22,49.4,7.29
TAL-00975,2022,Sudeste,Cultivar B,Argiloso,Sequeiro,66.5,664.4,26.8,8.13,5.93,201.0,,59.6,8.271
TAL-01300,2021,Sudeste,Cultivar A,Arenoso,Sequeiro,242.9,602.5,22.6,6.9,6.46,170.8,1.07,83.4,7.938
TAL-01252,2023,Sul,Cultivar B,Arenoso,Sequeiro,99.7,425.1,23.5,6.57,6.08,263.4,1.76,59.6,8.398
TAL-01991,2022, Sul ,Cultivar C,Arenoso,Sequeiro,98.3,1058.5,25.6,5.85,6.18,114.0,2.54,64.6,7.603
TAL-00582,2023,Centro-Oeste,Cultivar C,Misto,Sequeiro,17.9,591.7,23.3,3.87,6.19,126.8,0.78,61.8,7.825
TAL-01906,2024,Sudeste,Cultivar B,Misto,Sequeiro,32.4,1454.6,24.8,5.6,,236.7,5.17,60.6,7.239
TAL-01963,2021,Centro-Oeste,Cultivar B,Argiloso,Irrigado,29.6,509.9,24.1,7.6,5.13,253.7,1.57,54.5,9.692
TAL-00722,2023,Sudeste,Cultivar C,Argiloso,Sequeiro,53.6,1179.1,26.1,7.22,6.13,335.5,0.69,70.7,9.015
TAL-01193,2023,Nordeste,Cultivar B,Arenoso,Sequeiro,31.0,465.8,20.5,5.48,6.02,177.1,4.57,68.5,5.956
TAL-01745,2025,Centro-Oeste,Cultivar A,Argiloso,Irrigado,43.4,916.3,22.9,5.58,6.77,205.3,,58.5,8.453
TAL-00786,2022,Sudeste,Cultivar B,MISTO,Sequeiro,27.3,1113.3,22.9,5.86,6.5,122.6,2.39,70.0,7.927
TAL-01090,2023,Sudeste,Cultivar C,Arenoso,Sequeiro,13.1,733.3,26.0,6.88,5.51,139.9,2.44,57.7,6.344
TAL-01470,2022,Sul,Cultivar C,Arenoso,Sequeiro,7.1,1306.2,17.3,4.66,6.39,226.3,1.42,48.7,3.942
TAL-01549,2023,Sudeste,Cultivar A,Argiloso,Sequeiro,8.9,587.6,20.2,7.81,6.11,127.9,6.1,60.1,7.377
TAL-00766,2023,Sul,Cultivar C,Arenoso,Sequeiro,41.3,1180.1,21.7,7.45,5.62,111.6,,56.8,6.586
TAL-01302,2023,Centro-Oeste,Cultivar A,Argiloso,Irrigado,49.9,470.8,22.1,1.82,6.13,112.9,3.97,56.3,7.982
TAL-01947,2025,Sul,Cultivar A,Arenoso,Irrigado,22.5,771.7,21.9,9.7,6.49,105.9,1.54,63.0,9.064
TAL-01014,2022,Norte,Cultivar B,Argiloso,Irrigado,132.7,1545.7,23.4,9.53,6.67,163.8,2.93,53.8,6.892
TAL-00487,2025,Sudeste,Cultivar B,Misto,Sequeiro,51.6,881.4,30.8,5.86,6.28,96.9,,82.8,5.061
TAL-00129,2024,Sul,Cultivar A,Misto,Sequeiro,35.3,918.1,19.8,7.89,5.01,177.9,3.92,49.4,6.997
TAL-01243,2021,Sudeste,Cultivar C,Arenoso,Irrigado,88.4,978.1,23.3,6.5,5.17,263.9,3.0,79.6,6.763
TAL-01687,2025,Centro-Oeste,Cultivar A,Arenoso,Sequeiro,29.4,851.0,29.9,4.88,5.57,116.5,,65.0,6.977
TAL-01329,2021,Sul,Cultivar B,Argiloso,Sequeiro,103.8,602.4,22.5,7.36,6.29,140.0,0.65,69.9,8.435
TAL-00856,2022,Sudeste,Cultivar C,Misto,Sequeiro,9.8,1346.0,21.1,6.2,6.09,113.9,2.44,67.9,5.758
TAL-00916,2022,Norte,Cultivar A,Misto,Irrigado,22.5,1237.0,24.7,8.41,5.77,260.9,4.2,84.6,6.286
TAL-00362,2025,Sul,Cultivar A,Argiloso,Sequeiro,59.0,843.3,22.9,7.05,6.61,293.4,2.89,54.6,8.168
TAL-01786,2024,Nordeste,Cultivar C,Argiloso,Irrigado,20.4,1429.4,27.1,8.6,,188.0,,76.3,5.033
TAL-01230,2023,Sul,Cultivar A,Arenoso,Irrigado,29.7,597.8,22.5,9.76,5.89,131.7,1.04,75.3,9.494
TAL-00257,2024,Nordeste,Cultivar C,Arenoso,Irrigado,22.5,1123.7,27.4,9.48,6.61,124.3,,48.3,6.675
TAL-01738,2022,Sul,Cultivar B,Argiloso,Sequeiro,192.1,714.6,26.9,8.79,7.08,195.1,2.41,75.9,8.816
TAL-01348,2025,Sudeste,Cultivar B,Argiloso,Sequeiro,58.4,1165.0,23.0,6.25,6.14,173.7,1.33,76.9,8.507
TAL-01188,2024,Norte,Cultivar C,Argiloso,Sequeiro,38.1,1194.3,31.6,6.07,6.06,173.6,3.91,73.7,3.397
TAL-00343,2024,Nordeste,Cultivar B,Argiloso,Irrigado,13.9,594.0,29.0,7.38,5.74,118.7,1.26,85.1,7.303
TAL-01950,2024,Norte,Cultivar A,Argiloso,Irrigado,6.5,1076.9,21.3,7.6,5.45,109.0,4.09,53.6,6.125
TAL-01757,2024,Sul,Cultivar A,ARENOSO,Sequeiro,97.0,285.1,26.6,6.72,6.14,186.7,3.35,76.2,5.119
TAL-01041,2021,Sul,Cultivar A,Arenoso,Irrigado,42.1,647.8,24.1,7.39,6.18,243.8,0.24,81.1,9.275
TAL-01831,2025,Sudeste,Cultivar A,Argiloso,Irrigado,34.8,1332.6,20.8,7.93,6.08,3048.0,,70.1,7.679
TAL-01833,2024,Sudeste,Cultivar A,Arenoso,Sequeiro,36.1,,24.7,8.94,5.53,207.6,1.07,68.4,8.41
TAL-00308,2024,Centro-Oeste,Cultivar A,Arenoso,Irrigado,173.6,1265.8,26.1,7.04,6.9,187.7,3.96,79.2,7.951
TAL-01567,2022,Sul,Cultivar C,Argiloso,Sequeiro,8.3,368.1,31.0,9.47,6.59,120.9,2.06,66.6,5.511
TAL-00768,2025,Sul,Cultivar B,Argiloso,Sequeiro,16.4,757.2,22.3,5.7,7.27,209.3,2.37,69.2,9.119
TAL-00969,2025,Centro-Oeste,Cultivar B,Arenoso,Sequeiro,9.8,710.1,18.9,8.87,7.02,131.1,3.31,59.6,7.677
TAL-01303,2022,Centro-Oeste,Cultivar A,Argiloso,Irrigado,25.7,973.8,19.3,5.98,5.37,150.3,,70.7,7.496
TAL-00234,2024,Centro-Oeste,Cultivar C,Misto,Sequeiro,9.7,577.4,29.1,6.1,7.42,118.7,0.37,54.1,5.911
TAL-00232,2022, Sudeste ,Cultivar B,Arenoso,Sequeiro,42.9,819.5,21.0,5.72,5.55,67.5,2.14,69.4,7.105
TAL-01217,2025,Sudeste,Cultivar A,Argiloso,Irrigado,191.4,539.0,21.8,5.44,4.88,294.0,1.25,71.5,7.493
TAL-01804,2024,Centro-Oeste,Cultivar A,Argiloso,Sequeiro,15.1,403.7,24.5,8.83,6.0,227.9,4.22,61.4,7.506
TAL-01006,2024,Sudeste,Cultivar B,Argiloso,Sequeiro,42.4,768.6,23.7,6.41,5.7,115.1,3.91,99.8,7.426
TAL-01346,2024,Centro-Oeste,Cultivar B,Arenoso,Sequeiro,19.8,1044.0,25.0,6.44,7.06,249.2,,52.4,9.492
TAL-01068,2024,Centro-Oeste,Cultivar A,Argiloso,Irrigado,23.2,760.2,32.3,6.13,5.97,170.1,1.83,52.6,5.47
TAL-00901,2022,Sudeste,Cultivar A,Argiloso,Sequeiro,98.9,835.2,28.3,5.83,5.6,183.6,2.89,52.0,7.363
TAL-00809,2025,Centro-Oeste,Cultivar A,Argiloso,Sequeiro,58.6,829.3,25.1,7.2,6.64,203.7,0.97,96.9,7.029
TAL-01183,2023,Sul,Cultivar A,Arenoso,Irrigado,29.6,791.1,23.1,7.88,5.86,127.5,3.99,69.7,7.544
TAL-00355,2023,Sudeste,Cultivar A,Misto,Sequeiro,75.2,1037.7,24.2,6.04,5.0,42.9,4.48,64.6,6.602
TAL-00995,2023,Norte,Cultivar B,Argiloso,Irrigado,11.1,,27.1,7.5,,176.1,4.62,59.0,7.818
TAL-01306,2023,Norte,Cultivar A,Argiloso,Sequeiro,48.2,746.4,25.7,5.6,,199.2,4.39,79.6,7.003
TAL-01259,2023,Centro-Oeste,Cultivar B,Argiloso,Irrigado,22.6,1198.4,24.9,2.27,6.9,228.8,4.04,56.4,9.114
TAL-00306,2021,Sudeste,Cultivar A,Arenoso,Sequeiro,13.3,1103.9,27.3,4.98,6.82,152.7,,68.2,6.59
TAL-00965,2023,Norte,Cultivar A,Arenoso,Sequeiro,295.4,236.6,28.6,7.53,5.71,110.5,6.47,58.9,3.061
TAL-01680,2023,Centro-Oeste,Cultivar A,Argiloso,Irrigado,6.1,,23.4,5.94,6.59,115.4,3.77,68.0,7.949
TAL-01836,2021,Sul,Cultivar A,Arenoso,Sequeiro,20.9,876.1,30.4,5.13,6.45,96.8,1.31,57.7,6.648
TAL-00783,2025,Sudeste,Cultivar B,Misto,Sequeiro,59.8,722.6,27.4,6.08,6.5,171.3,4.05,69.4,8.094
TAL-00753,2025,Sul,Cultivar C,Argiloso,Irrigado,123.3,1317.1,21.5,4.2,5.55,267.6,1.7,68.5,6.642
TAL-00533,2022, Sudeste ,Cultivar B,Argiloso,Irrigado,113.6,1469.9,26.1,6.64,6.19,148.8,3.51,64.6,7.976
TAL-01311,2022,Sudeste,Cultivar C,Argiloso,Sequeiro,97.3,943.7,21.4,7.08,6.42,95.8,1.15,62.1,6.913
TAL-01269,2025,Sudeste,Cultivar C,Misto,Irrigado,12.0,687.3,26.1,7.37,6.21,122.9,,57.6,8.028
TAL-00615,2021,Sudeste,Cultivar A,Arenoso,Irrigado,202.0,,23.6,7.91,6.79,144.4,2.38,78.9,7.682
TAL-00121,2023,Centro-Oeste,Cultivar A,Misto,Sequeiro,18.7,1067.1,21.4,8.05,6.32,236.4,2.71,76.8,8.637
TAL-01359,2024,Centro-Oeste,Cultivar B,Argiloso,Sequeiro,29.4,805.1,24.8,7.09,6.39,305.5,3.39,73.1,9.944
TAL-01038,2024,Sudeste,Cultivar A,Arenoso,Irrigado,29.0,746.9,26.2,6.18,6.62,143.3,1.78,47.2,7.386
TAL-00793,2022,Sudeste,Cultivar B,Arenoso,Irrigado,90.8,1122.2,25.6,7.1,6.21,159.7,1.56,76.1,7.916
TAL-00765,2023,Nordeste,Cultivar A,Argiloso,Sequeiro,5.4,924.2,23.1,7.79,6.32,257.0,2.42,51.9,7.875
TAL-00782,2022,Nordeste,Cultivar A,Misto,Sequeiro,15.5,708.4,24.8,5.77,6.09,203.2,5.53,63.1,5.851
TAL-00136,2023,Sul,Cultivar B,Arenoso,Sequeiro,33.5,568.7,22.7,7.85,5.92,159.8,2.52,69.4,8.222
TAL-01324,2024,Centro-Oeste,Cultivar C,Arenoso,Irrigado,34.5,1171.8,29.9,6.44,6.52,208.3,4.19,66.5,5.307
TAL-00375,2024,Sul,Cultivar A,Argiloso,Sequeiro,24.6,1101.1,,7.35,7.07,150.6,2.69,71.3,9.013
TAL-00317,2025,Sudeste,Cultivar A,Misto,Sequeiro,7.5,839.4,21.3,7.76,5.76,215.6,3.75,54.9,8.095
TAL-01994,2021,Sul,Cultivar A,Misto,Irrigado,22.4,830.3,26.3,9.81,6.3,232.1,0.96,67.9,10.046
TAL-00255,2024,Sul,Cultivar C,Misto,Irrigado,22.4,1177.4,23.1,6.59,6.01,166.6,3.12,59.0,7.456
TAL-00465,2024,Centro-Oeste,Cultivar A,Arenoso,Sequeiro,91.1,658.7,23.1,8.53,5.71,244.4,1.47,68.8,9.77
TAL-01467,2022,Sudeste,Cultivar B,Misto,Sequeiro,27.9,694.4,24.4,7.16,5.77,186.7,2.62,55.2,9.34
TAL-00110,2024,Nordeste,Cultivar A,Argiloso,Sequeiro,16.3,816.4,24.7,4.87,5.21,156.7,0.32,50.8,6.822
TAL-01610,2023,Sudeste,Cultivar A,Argiloso,Irrigado,18.4,480.3,20.7,5.26,5.65,166.5,2.47,70.2,7.318
TAL-00939,2023,Nordeste,Cultivar A,Argiloso,Sequeiro,19.9,942.9,23.4,6.85,5.61,188.2,8.24,67.7,6.126
TAL-01875,2022, Nordeste ,Cultivar C,Arenoso,Sequeiro,2.8,772.7,24.4,6.3,6.21,165.3,,54.3,6.489
TAL-00240,2023,Sul,Cultivar B,Argiloso,Sequeiro,8.0,336.4,25.0,6.95,6.21,104.0,4.23,43.2,7.747
TAL-01227,2025,Sudeste,Cultivar B,Arenoso,Sequeiro,58.8,1181.9,26.8,8.29,5.5,154.8,1.95,60.9,8.554
TAL-01834,2024,Sul,Cultivar A,Argiloso,Irrigado,13.3,1042.9,24.9,6.43,6.37,238.4,,53.0,8.363
TAL-01719,2025,Centro-Oeste,Cultivar C,Arenoso,Irrigado,49.9,1218.3,24.0,7.64,5.82,134.0,,53.9,7.394
TAL-00213,2024, Sul ,Cultivar C,Argiloso,Sequeiro,110.0,1295.2,26.6,9.09,5.45,235.6,3.38,43.1,7.213
TAL-01770,2021,Nordeste,Cultivar B,Argiloso,Irrigado,17.3,,25.2,7.92,6.1,195.7,,55.1,8.391
TAL-01442,2025,Sul,Cultivar A,Misto,Irrigado,47.9,1081.6,28.5,7.55,5.75,183.6,4.27,51.7,7.304
TAL-01860,2023,Sul,Cultivar A,Arenoso,Irrigado,12.9,894.8,27.4,6.94,6.77,122.0,2.68,75.2,7.246
TAL-00417,2025,Sul,Cultivar A,Argiloso,Sequeiro,23.6,1060.2,23.8,6.1,5.29,156.4,,56.0,8.23
TAL-00352,2025,Sul,Cultivar C,ARENOSO,Irrigado,14.7,1004.8,19.8,6.28,7.48,147.8,,74.9,6.856
TAL-01426,2025,Sudeste,Cultivar B,Argiloso,Sequeiro,24.6,719.8,25.4,8.35,,204.1,2.52,58.4,9.317
TAL-00904,2023,Sudeste,Cultivar C,Misto,Sequeiro,11.6,982.8,27.2,10.08,5.73,75.2,2.57,74.8,6.597
TAL-00345,2025,Centro-Oeste,Cultivar B,Argiloso,Sequeiro,19.1,774.4,21.0,6.54,5.68,140.2,,58.3,9.454
TAL-01079,2021,Centro-Oeste,Cultivar B,Arenoso,Sequeiro,48.2,1098.8,23.1,7.89,6.2,122.6,4.67,72.2,8.896
TAL-00282,2024,Sul,Cultivar A,Argiloso,Sequeiro,33.4,568.2,27.9,5.65,6.81,178.6,6.48,58.9,6.653
TAL-01044,2024,Centro-Oeste,Cultivar A,Argiloso,Sequeiro,32.1,751.5,28.6,6.33,5.33,181.7,0.45,53.4,7.384
TAL-00530,2022,Sudeste,Cultivar B,Argiloso,Sequeiro,17.7,915.8,19.2,4.51,6.94,178.1,2.41,80.2,8.309
TAL-01138,2024,Sudeste,Cultivar A,Arenoso,Sequeiro,98.1,1058.6,25.2,9.02,5.43,211.4,5.39,79.4,7.612
TAL-01627,2022,Sudeste,Cultivar C,Argiloso,Irrigado,39.8,622.9,23.6,6.09,6.95,231.8,4.59,57.9,7.578
TAL-00577,2021,Nordeste,Cultivar B,Misto,Sequeiro,19.5,1136.1,26.6,8.35,6.63,232.2,4.88,79.7,7.299
TAL-01274,2024,Centro-Oeste,Cultivar B,Misto,Sequeiro,86.7,693.5,31.3,9.02,5.63,213.4,3.11,63.2,7.238
TAL-00212,2025,Centro-Oeste,Cultivar A,Argiloso,Irrigado,11.6,1138.8,21.8,7.86,6.36,259.7,2.42,64.0,8.915
TAL-00351,2025,Centro-Oeste,Cultivar A,ARENOSO,Irrigado,53.2,,25.4,6.36,6.13,212.8,2.04,51.2,8.907
TAL-00325,2025,Nordeste,Cultivar A,Arenoso,Sequeiro,23.3,778.5,24.3,8.01,5.91,52.7,5.06,87.7,6.281
TAL-01889,2021,Nordeste,Cultivar C,Misto,Irrigado,43.9,413.8,26.1,6.91,5.83,154.6,5.27,70.0,5.34
TAL-00556,2021,Sul,Cultivar B,Argiloso,Sequeiro,97.1,1045.0,22.4,4.31,5.0,178.1,3.0,65.9,8.891
TAL-00708,2021,Centro-Oeste,Cultivar A,Argiloso,Sequeiro,11.1,651.7,29.4,6.3,6.75,318.3,4.11,73.9,7.263
TAL-01621,2022,Sul,Cultivar B,Argiloso,Sequeiro,24.8,684.7,20.5,7.62,5.6,96.3,2.65,52.7,7.167
TAL-01331,2024,Centro-Oeste,Cultivar C,Misto,Sequeiro,142.8,889.6,22.1,4.88,6.03,197.0,1.68,63.3,8.218
TAL-00050,2024,Sul,Cultivar A,Argiloso,Sequeiro,28.6,598.6,19.6,8.26,5.79,80.5,3.51,85.6,6.059
TAL-00211,2023,Centro-Oeste,Cultivar C,Argiloso,Sequeiro,14.4,437.0,28.2,7.66,,196.2,3.23,43.3,6.848
TAL-01101,2022,Sul,Cultivar C,Argiloso,Sequeiro,6.8,509.8,30.1,6.03,6.03,162.6,,46.2,5.254
TAL-01358,2024,Sudeste,Cultivar A,Argiloso,Sequeiro,17.1,938.0,27.2,4.87,6.13,157.6,0.75,56.8,7.09
TAL-01997,2022,Sudeste,Cultivar A,Argiloso,Sequeiro,10.4,1041.1,20.8,9.05,5.18,163.7,1.25,72.5,7.717
TAL-00987,2022,Sudeste,Cultivar A,Argiloso,Sequeiro,21.7,741.4,28.5,8.75,6.16,267.1,,60.9,7.48
TAL-01117,2022,Sul,Cultivar A,Argiloso,Sequeiro,29.6,675.7,18.7,6.86,6.23,310.9,0.41,55.8,7.291
TAL-01285,2023,Norte,Cultivar A,Arenoso,Irrigado,100.7,,15.7,6.84,6.08,143.4,2.64,64.9,5.12
TAL-00174,2023,Norte,Cultivar A,Arenoso,Sequeiro,11.1,1389.5,22.3,9.06,6.74,196.5,1.9,72.4,6.241
TAL-00290,2022,Sul,Cultivar A,Argiloso,Irrigado,17.7,780.4,24.7,6.88,5.92,157.8,4.05,31.7,8.041
TAL-01740,2024,Centro-Oeste,Cultivar A,Argiloso,Sequeiro,21.4,578.3,25.6,8.91,5.76,206.6,,68.5,8.859
TAL-00248,2021,Sudeste,Cultivar B,Arenoso,Irrigado,43.4,994.8,19.0,7.73,4.58,110.9,0.94,78.7,7.539
TAL-00238,2023,Centro-Oeste,Cultivar A,Misto,Irrigado,137.1,281.5,27.7,8.64,6.26,166.7,6.76,75.5,6.563
TAL-01287,2025,Sudeste,Cultivar B,Misto,Irrigado,180.8,734.1,22.4,7.52,6.53,225.7,,82.5,8.871
TAL-00721,2025,Centro-Oeste,Cultivar B,Argiloso,Sequeiro,25.3,881.9,20.3,7.0,,217.2,1.17,64.1,8.933
TAL-00638,2023,Centro-Oeste,Cultivar A,Argiloso,Irrigado,119.0,894.1,23.1,7.21,6.78,0.0,1.29,80.9,7.2
TAL-00024,2023,Nordeste,Cultivar A,Misto,Irrigado,7.1,479.1,20.4,6.31,6.83,54.3,3.13,65.3,6.639
TAL-00603,2022,Nordeste,Cultivar A,Misto,Sequeiro,18.6,658.5,26.8,6.94,6.36,215.0,3.12,66.1,6.697
TAL-00064,2024,Centro-Oeste,Cultivar A,Argiloso,Sequeiro,24.4,1080.8,23.4,5.91,5.62,221.0,0.13,70.7,8.591
TAL-01724,2023,Centro-Oeste,Cultivar A,Misto,Sequeiro,42.7,651.2,27.2,4.31,5.65,46.8,,78.3,6.102
TAL-00189,2024,Centro-Oeste,Cultivar A,Arenoso,Sequeiro,335.4,779.7,18.9,7.19,6.06,161.9,2.75,57.0,8.746
TAL-00706,2023,Centro-Oeste,Cultivar A,Arenoso,Sequeiro,24.1,753.7,20.7,8.58,5.8,231.1,0.78,74.7,8.691
TAL-01935,2025,Centro-Oeste,Cultivar A,Arenoso,Sequeiro,67.9,644.5,22.1,8.04,6.11,156.7,3.05,62.2,8.909
TAL-01336,2025,Nordeste,Cultivar A,Misto,Irrigado,62.0,1042.4,23.0,7.38,4.97,317.1,3.78,68.9,7.034
TAL-01238,2024,Sudeste,Cultivar A,Arenoso,Sequeiro,24.1,1076.1,24.4,7.6,6.37,167.9,3.78,81.8,8.063
TAL-01966,2021,Sul,Cultivar A,Arenoso,Irrigado,118.8,920.3,19.0,6.71,6.34,161.7,6.11,61.8,6.595
TAL-01468,2024,Sul,Cultivar A,Arenoso,Sequeiro,22.3,976.5,25.9,7.81,6.11,129.0,3.81,64.5,8.243
TAL-00515,2023,Sudeste,Cultivar A,Arenoso,Sequeiro,25.2,1349.9,25.2,5.17,5.28,308.9,3.35,67.3,6.619
TAL-00197,2024,Centro-Oeste,Cultivar A,Arenoso,Irrigado,29.5,987.4,25.4,6.91,5.13,199.6,2.01,75.4,7.416
TAL-00472,2025,Sudeste,Cultivar C,Arenoso,Sequeiro,24.1,744.9,27.4,8.67,5.81,254.8,0.65,77.6,7.763
TAL-01936,2022,Sul,Cultivar A,Argiloso,Sequeiro,58.7,770.1,17.4,7.65,6.52,149.8,1.44,81.9,7.435
TAL-01286,2021,Norte,Cultivar B,Arenoso,Irrigado,117.7,747.5,27.4,5.02,6.56,202.7,3.92,90.1,7.303
TAL-00271,2023,Sul,Cultivar B,Misto,Sequeiro,39.8,606.3,23.5,5.5,5.82,204.7,2.67,60.4,9.272
TAL-00439,2025,Centro-Oeste,Cultivar A,Arenoso,Irrigado,160.3,855.5,22.6,6.85,5.97,1570.0,1.14,73.7,9.185
TAL-00101,2022,Nordeste,Cultivar B,Arenoso,Sequeiro,12.4,819.1,24.9,8.62,5.17,74.0,1.44,78.2,7.334
TAL-01667,2025,Nordeste,Cultivar A,Arenoso,Irrigado,112.7,,24.3,2.66,5.58,222.2,2.36,64.0,6.692
TAL-01539,2024,Nordeste,Cultivar A,Argiloso,Sequeiro,22.1,841.4,23.4,8.38,5.92,301.8,5.69,54.0,7.393
TAL-01954,2023,Norte,Cultivar B,ARENOSO,Sequeiro,20.6,1228.2,28.9,6.54,6.1,196.0,2.74,63.8,7.32
TAL-00221,2022,Sudeste,Cultivar A,Arenoso,Sequeiro,125.9,821.7,28.1,7.98,6.68,183.4,0.31,60.2,7.985
TAL-00367,2021,Centro-Oeste,Cultivar A,Argiloso,Sequeiro,54.2,694.5,27.4,5.43,5.4,206.2,2.52,64.3,7.822
TAL-01135,2021,Norte,Cultivar B,Misto,Sequeiro,36.6,439.6,25.2,8.4,5.9,108.7,,82.5,7.594
TAL-00675,2021,Centro-Oeste,Cultivar B,Argiloso,Irrigado,11.5,1078.2,30.0,6.46,6.35,149.9,4.75,62.0,7.67
TAL-01059,2021,Centro-Oeste,Cultivar A,Argiloso,Sequeiro,17.0,829.6,22.1,5.62,5.96,183.9,,60.0,8.873
TAL-01034,2025,Nordeste,Cultivar A,Argiloso,Sequeiro,23.0,724.6,18.5,4.29,5.74,119.3,0.58,63.0,5.056
TAL-00369,2022,Sudeste,Cultivar A,Arenoso,Sequeiro,34.5,1051.9,24.7,7.67,6.09,198.2,,67.8,7.607
TAL-00614,2021,Norte,Cultivar B,Argiloso,Sequeiro,212.5,943.6,22.3,7.23,7.03,135.0,5.72,71.6,7.567
TAL-01266,2024,Nordeste,Cultivar A,Arenoso,Sequeiro,18.8,971.4,28.8,9.09,5.81,168.2,4.5,57.2,6.52
TAL-01375,2024,Norte,Cultivar B,Argiloso,Sequeiro,168.4,825.1,,8.66,6.17,163.0,3.63,63.6,8.18
TAL-01648,2023,Centro-Oeste,Cultivar A,Arenoso,Sequeiro,6.2,625.8,22.4,6.4,6.09,30.6,1.71,43.0,6.735
TAL-00307,2024,Sudeste,Cultivar B,Argiloso,Irrigado,3.8,1491.9,22.0,7.44,5.85,279.3,5.34,54.5,6.812
TAL-00484,2024,Sudeste,Cultivar A,Arenoso,Irrigado,193.2,1113.9,,7.6,6.04,251.9,8.06,74.8,6.648
TAL-01629,2025,Sul,Cultivar B,Arenoso,Sequeiro,23.5,962.2,22.3,5.54,6.2,266.8,2.72,56.0,9.247
TAL-00731,2022,Sudeste,Cultivar A,Arenoso,Irrigado,7.0,893.6,,7.02,6.57,171.0,4.19,54.6,7.819
TAL-00116,2025,Nordeste,Cultivar C,Arenoso,Irrigado,56.0,1233.1,19.4,6.04,6.35,175.6,,47.2,5.254
TAL-01953,2025,Centro-Oeste,Cultivar C,Argiloso,Irrigado,25.4,956.0,24.7,4.0,5.72,237.4,4.13,78.5,7.632
TAL-01404,2023,Sudeste,Cultivar C,Arenoso,Sequeiro,49.1,369.0,21.5,7.04,5.86,306.4,,80.1,5.533
TAL-00483,2025,Centro-Oeste,Cultivar A,Misto,Irrigado,26.5,672.8,21.9,6.82,6.29,185.4,1.97,53.4,9.396
TAL-01605,2022,Sul,Cultivar C,Argiloso,Irrigado,97.0,1040.5,17.8,6.43,6.58,212.6,,55.4,5.961
TAL-00652,2025,Nordeste,Cultivar A,Misto,Irrigado,62.6,346.2,23.2,7.0,6.19,77.9,1.63,65.9,6.779
TAL-01624,2024,Sul,Cultivar C,ARGILOSO,Sequeiro,21.2,805.3,23.4,5.0,6.9,296.3,2.88,50.2,8.203
TAL-01005,2021,Centro-Oeste,Cultivar A,Arenoso,Irrigado,35.5,1282.4,25.2,7.64,6.68,98.5,1.4,65.0,7.055
TAL-01275,2024,Sul,Cultivar B,Argiloso,Irrigado,45.3,723.8,23.4,7.25,4.88,140.3,4.38,62.5,8.732
TAL-00079,2025,Centro-Oeste,Cultivar A,Arenoso,Sequeiro,30.9,524.6,23.7,9.62,5.95,176.3,2.05,61.9,7.914
TAL-00830,2025,Sul,Cultivar B,MISTO,Irrigado,54.5,843.4,27.6,8.6,5.76,118.6,1.71,61.2,8.846
TAL-00033,2024,Sudeste,Cultivar A,Argiloso,Sequeiro,10.9,618.6,23.6,7.09,6.11,209.5,,70.2,7.845
TAL-00915,2023,Norte,Cultivar A,Arenoso,Irrigado,69.9,907.2,17.4,7.08,,199.4,1.51,62.7,5.855
TAL-00937,2022,Norte,Cultivar A,Argiloso,Irrigado,22.6,1322.4,22.9,6.14,4.95,172.4,2.69,79.5,6.514
TAL-00383,2021,Centro-Oeste,Cultivar A,Arenoso,Irrigado,91.7,708.2,27.2,6.65,,285.6,2.43,37.8,8.324
TAL-00631,2023,Norte,Cultivar A,Arenoso,Irrigado,74.8,923.4,27.5,5.93,5.63,345.7,2.56,71.2,7.79
TAL-00164,2022,Sul,Cultivar A,Argiloso,Sequeiro,29.0,752.3,24.1,7.43,5.96,220.3,2.11,59.3,8.836
TAL-00204,2024,Sul,Cultivar A,Argiloso,Sequeiro,31.5,1010.5,24.1,8.35,5.57,148.6,3.07,76.9,8.248
TAL-01356,2022, Sul ,Cultivar A,Misto,Sequeiro,38.4,1108.2,,9.06,5.15,223.1,1.0,72.2,7.921
TAL-01194,2022,Norte,Cultivar B,Argiloso,Sequeiro,10.7,979.5,25.3,5.78,5.51,264.1,,53.2,8.195
TAL-01576,2024, Sul ,Cultivar A,Arenoso,Irrigado,51.1,572.7,27.3,8.03,,163.3,3.36,47.5,8.795
TAL-00917,2023,Sul,Cultivar A,Argiloso,Sequeiro,68.1,488.0,25.2,7.5,5.72,35.7,,70.9,6.451
TAL-01250,2025,Norte,Cultivar A,Misto,Sequeiro,101.5,921.5,21.3,6.59,6.58,210.0,4.37,77.7,7.361
TAL-01981,2022,Nordeste,Cultivar A,Argiloso,Sequeiro,13.4,1256.7,23.9,7.58,6.18,142.4,3.29,66.4,7.379
TAL-01713,2025, Norte ,Cultivar C,Misto,Sequeiro,13.8,1052.3,25.8,8.17,7.17,230.9,,52.7,6.725
TAL-01700,2022,Centro-Oeste,Cultivar A,Arenoso,Sequeiro,13.6,854.3,21.5,7.54,6.13,179.0,3.77,66.0,8.976
TAL-01640,2022,Centro-Oeste,Cultivar B,Argiloso,Sequeiro,94.8,886.5,27.7,7.38,5.54,85.4,0.13,59.0,8.696
TAL-01384,2025,Norte,Cultivar B,Arenoso,Sequeiro,23.2,708.9,25.4,4.84,5.79,199.3,1.72,70.9,8.19
TAL-00219,2023,Norte,Cultivar C,Misto,Sequeiro,48.1,563.9,27.2,6.66,6.12,197.1,,74.5,5.973
TAL-01946,2021,Norte,Cultivar C,Arenoso,Sequeiro,57.3,,24.1,3.41,6.23,151.1,1.64,64.5,6.188
TAL-01588,2023,Centro-Oeste,Cultivar A,Arenoso,Irrigado,69.2,837.9,28.0,8.71,6.39,124.8,1.13,86.0,8.158
TAL-00862,2023,Centro-Oeste,Cultivar B,Misto,Irrigado,56.2,827.8,25.3,9.09,5.28,218.7,1.28,81.9,10.679
TAL-00354,2022,Centro-Oeste,Cultivar B,Arenoso,Sequeiro,17.8,1005.2,22.7,8.15,,147.0,1.06,57.5,9.341
TAL-00713,2025,Nordeste,Cultivar A,Argiloso,Sequeiro,48.1,618.5,21.8,5.93,5.92,185.2,4.26,64.6,5.809
TAL-00060,2025,Sul,Cultivar A,Misto,Irrigado,10.2,987.0,23.9,7.68,7.01,195.1,2.31,52.8,8.267
TAL-01084,2022,Nordeste,Cultivar B,Arenoso,Sequeiro,34.2,,21.1,7.56,6.3,141.1,1.56,63.2,7.974
TAL-00298,2022,Nordeste,Cultivar A,ARGILOSO,Sequeiro,18.5,498.3,24.7,6.66,6.45,176.5,0.56,79.2,7.773
TAL-00074,2023, Sul ,Cultivar C,Arenoso,Sequeiro,7.8,313.0,24.0,5.48,5.98,189.5,0.76,66.4,6.151
TAL-00163,2022,Sul,Cultivar A,Misto,Sequeiro,65.4,,23.1,6.52,7.15,148.0,3.24,74.8,7.865
TAL-00964,2024,Sul,Cultivar B,Arenoso,Sequeiro,32.5,512.5,25.6,5.16,6.51,185.4,,74.2,7.567
TAL-01548,2024,Centro-Oeste,Cultivar C,Argiloso,Sequeiro,3.8,944.0,24.3,4.3,5.91,199.3,2.94,52.3,7.945
TAL-01504,2022,Sudeste,Cultivar B,Argiloso,Sequeiro,19.9,,18.1,9.8,5.71,208.5,1.08,90.5,7.588
TAL-01053,2025,Sul,Cultivar B,Argiloso,Sequeiro,220.8,870.2,24.0,7.72,5.35,269.1,5.53,52.6,9.511
TAL-01732,2023,Sul,Cultivar C,Misto,Sequeiro,39.2,809.6,27.3,5.17,7.19,156.5,3.51,50.4,6.837
TAL-01024,2023,Centro-Oeste,Cultivar B,Argiloso,Sequeiro,39.1,1022.5,27.1,8.37,6.14,186.6,1.83,81.6,9.44
TAL-00046,2022,Nordeste,Cultivar A,Arenoso,Sequeiro,60.6,950.5,24.8,7.54,6.51,243.3,5.14,66.9,6.654
TAL-01264,2025,Norte,Cultivar A,Misto,Sequeiro,74.0,1069.9,24.1,7.54,5.81,106.7,1.9,67.1,7.342
TAL-01108,2023,Sudeste,Cultivar B,Arenoso,Sequeiro,23.1,678.3,21.0,7.21,5.57,198.6,,60.3,8.954
TAL-00433,2025,Centro-Oeste,Cultivar B,Misto,Sequeiro,93.0,911.3,17.8,7.21,5.54,247.1,0.74,62.8,9.123
TAL-01658,2021,Nordeste,Cultivar A,Misto,Irrigado,16.6,788.9,23.9,7.18,6.0,157.5,,64.4,8.025
TAL-00077,2021,Sudeste,Cultivar C,Argiloso,Sequeiro,71.7,788.4,27.5,4.63,5.97,299.8,4.51,48.5,6.928
TAL-01932,2024,Centro-Oeste,Cultivar B,Arenoso,Sequeiro,21.4,529.5,21.9,9.64,6.51,116.8,2.88,64.4,8.603
TAL-01425,2024,Sudeste,Cultivar A,Misto,Irrigado,108.1,887.5,24.9,6.04,6.18,174.4,1.03,44.5,7.489
TAL-01473,2021,Sul,Cultivar B,Misto,Sequeiro,10.6,557.1,24.3,7.46,4.6,188.0,2.44,55.2,8.544
TAL-00479,2022,Centro-Oeste,Cultivar A,Misto,Sequeiro,34.1,1146.9,20.3,7.19,6.31,106.5,3.8,75.7,7.145
TAL-00454,2025,Sul,Cultivar B,Argiloso,Sequeiro,15.7,,22.7,7.94,5.59,133.5,1.78,62.2,9.245
TAL-00384,2022,Sudeste,Cultivar A,Argiloso,Irrigado,72.5,866.9,31.1,9.59,5.13,242.4,,81.4,6.239
TAL-00927,2024,Sul,Cultivar B,Arenoso,Sequeiro,89.5,933.8,21.2,7.67,5.74,183.0,1.45,57.1,9.039
TAL-00031,2024,Centro-Oeste,Cultivar A,Argiloso,Sequeiro,11.9,1013.1,21.8,5.84,6.2,199.1,,66.9,8.982
TAL-01393,2024,Sul,Cultivar C,Misto,Sequeiro,651.4,1048.9,23.4,8.13,6.29,256.4,3.83,57.2,8.427
TAL-01524,2023,Centro-Oeste,Cultivar A,Argiloso,Sequeiro,12.4,501.5,24.2,4.95,6.08,156.5,5.41,80.6,6.704
TAL-01000,2024,Sudeste,Cultivar A,Argiloso,Irrigado,66.8,972.3,26.8,7.43,7.22,292.4,1.7,61.4,8.317
TAL-01114,2023,Norte,Cultivar B,Misto,Sequeiro,69.6,645.6,24.7,6.1,6.7,179.9,1.69,68.2,8.307
TAL-01058,2025,Sul,Cultivar A,Argiloso,Sequeiro,94.9,422.4,25.8,7.68,5.57,129.9,2.14,64.1,7.288
TAL-01174,2022,Centro-Oeste,Cultivar C,Arenoso,Sequeiro,29.7,877.3,22.3,8.04,6.52,113.2,5.12,77.5,7.481
TAL-00863,2025,Centro-Oeste,Cultivar A,Arenoso,Sequeiro,9.9,1385.5,21.2,4.56,6.46,185.0,,71.6,6.878
TAL-01562,2021,Centro-Oeste,Cultivar B,Argiloso,Sequeiro,70.2,918.9,29.5,9.41,6.59,82.2,4.86,81.2,7.307
TAL-01579,2021,Norte,Cultivar B,Misto,Sequeiro,26.9,893.4,22.8,5.09,5.45,108.0,3.97,88.2,7.087
TAL-01392,2025,Nordeste,Cultivar B,Argiloso,Sequeiro,32.6,716.6,22.7,5.67,6.05,89.1,3.78,53.0,7.943
TAL-01977,2024,Sudeste,Cultivar A,Misto,Irrigado,47.6,782.2,21.3,6.99,6.42,175.0,3.18,59.9,7.356
TAL-00045,2025,Nordeste,Cultivar C,Argiloso,Sequeiro,40.7,1635.6,26.3,7.82,6.34,144.3,0.64,48.1,4.849
TAL-00495,2024,Centro-Oeste,Cultivar C,Arenoso,Irrigado,10.1,857.0,24.8,7.68,6.68,132.2,,58.1,7.654
TAL-00169,2022,Sudeste,Cultivar A,Argiloso,Sequeiro,74.3,1127.1,18.7,7.9,5.87,179.4,6.11,64.2,6.553
TAL-00304,2023,Centro-Oeste,Cultivar A,Argiloso,Sequeiro,50.6,748.7,25.1,5.19,5.34,191.7,0.49,76.7,8.734
TAL-01334,2024,Norte,Cultivar A,Arenoso,Irrigado,20.9,842.9,29.4,8.69,6.36,229.1,,71.5,6.552
TAL-00421,2022,Centro-Oeste,Cultivar A,Arenoso,Sequeiro,36.3,568.3,25.6,5.33,4.94,204.5,0.95,43.6,7.931
TAL-01940,2024,Sul,Cultivar A,Misto,Sequeiro,60.8,1176.6,25.7,8.17,5.13,177.8,7.51,60.5,7.448
TAL-00612,2024,Centro-Oeste,Cultivar C,Arenoso,Sequeiro,8.9,846.8,24.2,8.73,6.83,192.0,,50.5,7.319
TAL-01735,2021,Nordeste,Cultivar A,Arenoso,Irrigado,17.5,942.5,22.8,8.05,5.39,246.9,,51.6,6.868
TAL-01293,2024,Centro-Oeste,Cultivar B,Misto,Irrigado,34.6,1077.2,26.0,6.1,6.8,155.7,3.92,61.5,9.178
TAL-01665,2021,Nordeste,Cultivar A,Arenoso,Sequeiro,103.0,1133.5,20.3,6.91,,162.1,2.16,71.9,6.373
TAL-00586,2023,Centro-Oeste,Cultivar A,MISTO,Sequeiro,20.7,391.0,24.4,4.82,6.81,260.3,,78.6,6.844
TAL-01975,2024,Sul,Cultivar A,Misto,Irrigado,50.2,868.7,22.7,4.64,5.78,185.7,5.31,70.5,8.053
TAL-00803,2021,Nordeste,Cultivar A,Arenoso,Sequeiro,19.1,1008.4,22.9,9.76,5.97,150.2,,48.2,6.853
TAL-01284,2022, Centro-Oeste ,Cultivar A,Argiloso,Sequeiro,42.5,614.8,21.9,7.05,4.74,101.4,,54.0,7.518
TAL-01291,2023,Sudeste,Cultivar A,Arenoso,Sequeiro,53.9,996.4,,10.3,6.97,227.3,2.55,59.5,7.801
TAL-00415,2021,Sul,Cultivar A,Arenoso,Sequeiro,49.4,825.9,26.7,5.89,5.17,248.7,4.4,73.5,6.823
TAL-00186,2025,Centro-Oeste,Cultivar A,Misto,Irrigado,3.0,1047.1,20.2,8.6,5.07,99.5,2.55,68.6,7.288
TAL-00711,2024,Norte,Cultivar C,Misto,Sequeiro,87.4,767.9,21.0,6.41,5.8,230.8,3.97,67.0,5.95
TAL-01171,2022,Sudeste,Cultivar C,Argiloso,Sequeiro,218.0,496.1,22.9,7.39,5.98,226.9,2.05,57.5,7.28
TAL-01212,2023,Nordeste,Cultivar B,Arenoso,Irrigado,64.0,692.6,24.4,9.17,6.43,203.4,1.95,66.9,9.553
TAL-00301,2024,Centro-Oeste,Cultivar C,Argiloso,Sequeiro,305.5,1457.4,24.7,5.09,6.74,194.1,2.89,95.1,5.999
TAL-01577,2021,Centro-Oeste,Cultivar C,Misto,Irrigado,48.8,900.3,24.1,6.64,6.04,157.3,2.5,59.1,8.239
TAL-01744,2024,Norte,Cultivar B,Misto,Irrigado,22.8,765.6,19.5,8.11,6.81,151.3,,67.7,8.136
TAL-00940,2025,Sul,Cultivar A,Arenoso,Sequeiro,59.9,1573.6,16.5,7.38,6.33,180.2,,62.3,3.547
TAL-01612,2024,Centro-Oeste,Cultivar A,Argiloso,Irrigado,16.9,951.1,23.7,8.13,4.67,271.8,,66.0,8.055
TAL-00818,2025,Centro-Oeste,Cultivar B,Argiloso,Sequeiro,17.1,740.0,24.7,8.37,5.0,199.2,0.97,69.3,9.843
TAL-01948,2022,Norte,Cultivar A,Argiloso,Sequeiro,20.3,1009.1,25.8,5.13,6.63,238.9,1.67,69.1,7.198
TAL-01376,2022,Sul,Cultivar A,Argiloso,Sequeiro,22.7,656.8,24.5,6.32,6.34,243.5,,71.6,8.517
TAL-00988,2025,Sul,Cultivar B,Arenoso,Sequeiro,67.6,1266.3,24.5,8.79,6.29,170.4,2.73,46.2,8.185
TAL-00176,2025,Sul,Cultivar B,Argiloso,Irrigado,47.2,916.4,21.3,4.34,6.41,181.9,,64.7,8.212
TAL-01180,2021,Sul,Cultivar B,Argiloso,Sequeiro,6.4,514.1,21.5,6.38,5.6,147.4,1.56,64.2,9.109
TAL-00695,2025,Nordeste,Cultivar C,Argiloso,Sequeiro,55.7,1597.9,24.3,8.0,5.97,235.1,0.89,55.4,5.753
TAL-01622,2024,Centro-Oeste,Cultivar A,Arenoso,Irrigado,41.6,860.5,22.9,5.24,5.37,86.2,6.76,59.1,6.98
TAL-00124,2022,Sudeste,Cultivar A,Argiloso,Sequeiro,20.9,1187.9,23.2,6.88,7.06,303.9,3.57,44.5,8.162
TAL-00368,2024,Centro-Oeste,Cultivar A,Argiloso,Sequeiro,14.8,928.1,27.3,8.06,6.09,319.4,3.09,55.1,7.939
TAL-01533,2025,Centro-Oeste,Cultivar A,Argiloso,Sequeiro,123.6,707.8,24.7,5.82,5.63,265.1,2.87,64.8,7.904
TAL-00789,2022,Centro-Oeste,Cultivar C,Arenoso,Irrigado,22.2,927.2,24.8,8.68,5.99,213.2,4.57,57.6,8.213
TAL-00040,2025,Centro-Oeste,Cultivar B,Misto,Sequeiro,44.9,1073.0,26.2,8.03,6.35,172.9,1.98,75.2,9.686
TAL-00716,2021,Sul,Cultivar A,Arenoso,Irrigado,15.3,,22.2,5.58,6.06,177.4,,77.9,8.257
TAL-00951,2022,Centro-Oeste,Cultivar A,ARENOSO,Sequeiro,51.2,773.8,27.5,9.89,6.43,276.7,,59.3,8.645
TAL-00332,2024,Sul,Cultivar A,Misto,Irrigado,16.2,895.9,28.1,4.89,6.52,180.4,,79.0,7.969
TAL-01499,2025,Sudeste,Cultivar A,Arenoso,Irrigado,8.6,1042.7,25.2,7.62,5.81,205.2,,99.6,7.04
TAL-00195,2025,Sul,Cultivar B,Arenoso,Sequeiro,96.3,809.0,,8.66,6.26,134.0,1.02,60.6,9.363
TAL-00528,2024,Norte,Cultivar C,Argiloso,Sequeiro,25.9,713.8,21.7,5.65,5.94,251.7,2.78,65.1,6.8
TAL-00966,2022,Sudeste,Cultivar B,Arenoso,Sequeiro,184.4,1181.9,24.3,8.0,6.25,199.4,2.86,64.1,9.323
TAL-01727,2022,Sudeste,Cultivar C,Argiloso,Sequeiro,92.1,373.3,24.6,7.69,6.33,171.7,2.61,77.2,7.133
TAL-00323,2021,Sudeste,Cultivar A,Argiloso,Irrigado,32.5,918.9,22.3,6.51,5.94,316.3,0.61,77.9,8.181
TAL-01205,2021,Sul,Cultivar C,Arenoso,Sequeiro,141.2,298.0,30.0,5.97,5.81,198.8,4.39,68.3,4.004
TAL-00267,2025,Sudeste,Cultivar B,Argiloso,Sequeiro,8.5,1313.2,25.6,3.79,6.56,108.2,1.89,66.0,7.677
TAL-01256,2022,Nordeste,Cultivar C,Misto,Sequeiro,79.1,871.5,25.9,8.75,5.19,204.3,2.03,66.0,6.65
TAL-01441,2024,Sul,Cultivar A,Arenoso,Irrigado,88.0,677.5,24.9,7.43,6.44,158.8,1.97,51.0,8.081
TAL-00068,2023,Sudeste,Cultivar C,Argiloso,Sequeiro,20.4,481.4,22.6,9.83,7.39,174.7,3.69,48.9,6.331
TAL-01847,2025,Sudeste,Cultivar B,Misto,Sequeiro,40.2,,24.3,6.65,6.09,258.2,0.65,68.0,9.806
TAL-01813,2024,Centro-Oeste,Cultivar B,Argiloso,Irrigado,54.3,1256.0,23.7,7.32,,149.6,2.95,62.7,9.665
TAL-00681,2021,Sul,Cultivar C,Misto,Irrigado,86.6,569.4,25.2,9.28,7.2,206.3,2.54,74.8,8.006
TAL-00486,2025,Sudeste,Cultivar A,Arenoso,Irrigado,61.4,672.9,25.1,7.48,6.01,255.9,2.76,51.7,9.577
TAL-00481,2021, Sudeste ,Cultivar B,Argiloso,Irrigado,67.0,700.9,27.6,5.81,5.96,149.1,1.69,62.7,8.209
TAL-01422,2021,Sudeste,Cultivar A,Argiloso,Sequeiro,2.4,569.5,29.9,8.37,6.5,44.3,3.57,70.1,5.397
TAL-00707,2021,Centro-Oeste,Cultivar C,Arenoso,Sequeiro,27.3,853.9,21.6,6.18,5.6,41.9,,65.2,7.516
TAL-00549,2024,Centro-Oeste,Cultivar A,Argiloso,Irrigado,39.2,851.7,24.2,5.4,5.97,212.6,0.8,77.4,8.981
TAL-01423,2024,Sudeste,Cultivar B,Misto,Sequeiro,21.3,1204.5,23.2,7.72,5.92,213.4,,66.4,8.729
TAL-00428,2022,Nordeste,Cultivar B,Arenoso,Sequeiro,80.1,1043.1,26.6,8.21,7.03,184.7,0.42,57.9,8.23
TAL-01646,2023,Sudeste,Cultivar B,Arenoso,Sequeiro,13.1,874.6,25.4,8.28,7.0,32.9,,67.9,8.031
TAL-01488,2023,Sudeste,Cultivar B,Arenoso,Sequeiro,7.4,1094.8,21.5,6.85,5.79,198.4,3.76,55.9,8.389
TAL-00480,2025,Sudeste,Cultivar C,Misto,Sequeiro,10.7,737.4,23.1,5.94,5.67,287.8,,64.0,8.381
TAL-00451,2025,Sul,Cultivar B,Misto,Sequeiro,42.3,623.9,24.4,8.17,6.08,227.4,1.71,49.1,9.8
TAL-00926,2023,Sul,Cultivar B,Arenoso,Sequeiro,35.7,,25.3,7.47,6.46,164.2,2.55,51.5,8.796
TAL-00618,2024,Sudeste,Cultivar C,Argiloso,Irrigado,8.4,1208.0,20.9,7.38,6.91,193.7,4.03,66.9,6.348
TAL-01542,2025, Sul ,Cultivar B,Argiloso,Sequeiro,55.2,1055.0,,7.25,5.86,88.9,2.53,56.3,7.058
TAL-01962,2023,Sudeste,Cultivar A,Arenoso,Sequeiro,21.4,922.2,20.6,6.64,5.95,180.7,1.46,57.6,8.095
TAL-01671,2022,Sudeste,Cultivar A,Argiloso,Irrigado,74.8,1049.6,25.5,8.02,6.56,147.1,2.72,74.8,7.907
TAL-00944,2024,Sudeste,Cultivar A,Misto,Sequeiro,91.2,842.9,21.2,6.2,5.6,210.1,2.91,75.9,7.984
TAL-01795,2022,Nordeste,Cultivar B,Misto,Sequeiro,12.7,879.9,27.9,5.83,6.8,98.5,0.96,52.6,6.628
TAL-01112,2023,Sudeste,Cultivar A,Argiloso,Sequeiro,23.9,821.2,29.8,5.87,4.91,189.0,1.28,70.0,6.175
TAL-00694,2021,Sudeste,Cultivar C,Misto,Irrigado,93.3,976.9,23.3,6.86,6.08,140.2,6.32,71.1,7.248
TAL-01493,2025,Centro-Oeste,Cultivar C,Arenoso,Irrigado,46.4,762.4,24.9,6.7,7.22,212.0,2.77,89.1,6.821
TAL-00922,2024,Nordeste,Cultivar A,Arenoso,Irrigado,112.8,906.3,21.2,7.97,5.65,130.9,4.0,51.1,6.699
TAL-00262,2021,Nordeste,Cultivar C,Misto,Sequeiro,48.8,1134.4,19.3,5.46,6.25,23.7,2.91,71.2,4.183
TAL-00747,2024,Sudeste,Cultivar A,Argiloso,Sequeiro,5.9,1111.1,28.9,5.94,6.02,128.4,,74.7,6.106
TAL-01381,2023,Sudeste,Cultivar A,Arenoso,Sequeiro,24.1,1046.8,20.5,7.2,5.67,84.8,1.09,58.7,7.72
TAL-00241,2021,Nordeste,Cultivar A,Misto,Sequeiro,73.2,1199.0,26.3,7.18,7.06,177.7,0.9,52.5,7.085
TAL-01645,2025,Sul,Cultivar A,Argiloso,Irrigado,16.7,703.3,24.2,5.99,5.89,102.2,2.67,54.0,7.687
TAL-00585,2025,Nordeste,Cultivar A,Argiloso,Sequeiro,22.6,979.8,22.2,6.65,6.67,176.4,,75.2,7.743
TAL-00580,2022,Sudeste,Cultivar C,Arenoso,Irrigado,180.1,785.0,23.5,8.48,4.89,167.3,1.94,50.3,7.022
TAL-01351,2025,Centro-Oeste,Cultivar A,Misto,Sequeiro,45.6,567.2,27.3,7.3,5.71,181.6,,69.6,8.475
TAL-00553,2025,Sul,Cultivar B,Arenoso,Irrigado,26.7,,23.4,5.29,5.8,220.5,2.86,60.5,8.101
TAL-00366,2025,Sudeste,Cultivar B,Arenoso,Sequeiro,7.0,862.2,25.3,6.44,6.94,285.8,,65.0,9.943
TAL-01030,2021,Sudeste,Cultivar A,Arenoso,Irrigado,14.4,498.1,23.8,8.41,5.74,73.6,2.13,82.3,7.304
TAL-01742,2023,Sul,Cultivar A,Argiloso,Sequeiro,48.3,372.5,19.0,6.9,5.85,164.2,0.99,88.0,6.279
TAL-00592,2021,Sudeste,Cultivar C,Argiloso,Irrigado,6.7,947.8,20.3,7.42,7.08,67.8,2.8,73.3,6.066
TAL-00742,2024,Sul,Cultivar C,Arenoso,Sequeiro,22.4,1346.0,16.7,6.94,5.87,147.1,4.92,54.6,3.456
TAL-01282,2025,Sudeste,Cultivar A,Arenoso,Sequeiro,10.4,467.5,25.3,8.13,5.81,199.6,0.74,69.7,7.844
TAL-00584,2021,Sudeste,Cultivar A,Misto,Sequeiro,7.8,569.2,20.7,7.34,5.81,175.4,4.38,67.7,7.616
TAL-00072,2023,Sudeste,Cultivar A,ARGILOSO,Sequeiro,29.6,,28.2,7.86,5.79,220.6,3.43,76.2,7.599
TAL-00888,2024,Sul,Cultivar C,Argiloso,Sequeiro,59.2,1076.0,26.3,8.39,6.55,242.8,2.44,58.6,7.813
TAL-00260,2024,Centro-Oeste,Cultivar A,Arenoso,Sequeiro,19.3,583.1,22.6,5.93,5.27,169.5,,83.5,8.09
TAL-00052,2024,Sul,Cultivar A,Argiloso,Sequeiro,24.6,776.9,16.1,6.78,6.96,300.3,,59.9,6.37
TAL-00199,2023,Sul,Cultivar A,Arenoso,Sequeiro,29.1,1064.8,,6.72,6.28,171.9,3.64,64.7,8.234
TAL-01182,2021,Sul,Cultivar A,Argiloso,Sequeiro,78.4,783.7,32.0,5.79,5.92,244.9,0.82,54.3,5.131
TAL-00655,2023,Nordeste,Cultivar A,Argiloso,Sequeiro,92.3,508.9,22.7,7.98,5.41,183.9,2.57,74.4,6.734
TAL-00333,2021,Centro-Oeste,Cultivar C,Arenoso,Sequeiro,14.5,890.1,23.9,6.52,6.54,170.7,3.27,66.0,7.35
TAL-01489,2025,Nordeste,Cultivar A,Argiloso,Sequeiro,27.5,668.4,19.8,8.08,6.64,304.7,3.07,64.6,6.209
TAL-00597,2024,Centro-Oeste,Cultivar A,Argiloso,Sequeiro,166.3,1046.7,28.3,4.57,5.8,124.4,2.09,70.4,7.028
TAL-01694,2021,Centro-Oeste,Cultivar B,Misto,Sequeiro,37.2,1312.4,24.8,5.89,6.32,244.2,5.13,53.5,7.939
TAL-01166,2023,Nordeste,Cultivar B,Argiloso,Sequeiro,39.5,378.9,19.8,5.23,4.78,212.4,,64.5,6.941
TAL-00963,2024,Sul,Cultivar A,Argiloso,Sequeiro,2.2,513.6,23.0,6.97,6.38,142.2,0.56,57.4,7.474
TAL-00908,2025,Sul,Cultivar A,Arenoso,Irrigado,40.1,1166.6,24.4,8.64,5.88,90.4,,85.9,7.584
TAL-00889,2025,Sul,Cultivar A,Argiloso,Sequeiro,207.5,645.2,22.5,8.3,6.39,134.0,1.61,63.8,8.279
TAL-00705,2023, Sudeste ,Cultivar B,Arenoso,Sequeiro,48.3,1101.4,25.3,7.04,6.24,266.2,,64.2,9.41
TAL-00427,2025,Sul,Cultivar A,Arenoso,Sequeiro,58.8,843.4,22.7,6.63,5.55,205.9,3.16,66.7,8.846
TAL-01343,2025,Sudeste,Cultivar A,Misto,Irrigado,35.6,1125.4,24.4,8.51,,128.7,1.94,82.3,8.848
TAL-01784,2022,Sul,Cultivar A,Misto,Sequeiro,27.6,1137.1,22.6,7.18,5.75,129.5,2.35,66.8,8.601
TAL-00594,2023,Centro-Oeste,Cultivar A,Arenoso,Irrigado,17.0,268.5,23.4,8.6,5.28,145.9,4.86,82.9,6.135
TAL-00991,2025,Centro-Oeste,Cultivar B,Arenoso,Sequeiro,39.2,912.2,17.5,6.99,5.62,100.1,4.97,73.8,6.938
TAL-01992,2023,Centro-Oeste,Cultivar A,Argiloso,Irrigado,87.6,590.1,30.0,10.49,6.14,143.2,3.29,74.9,8.108
TAL-00583,2023,Sul,Cultivar A,MISTO,Irrigado,7.1,829.2,22.8,5.81,6.2,172.3,2.64,79.7,8.669
TAL-00728,2023,Sul,Cultivar A,Arenoso,Sequeiro,27.3,486.3,21.0,8.07,6.63,0.0,0.16,67.2,5.418
TAL-00399,2025,Sudeste,Cultivar A,Arenoso,Sequeiro,30.2,961.2,30.5,5.27,6.62,155.9,1.72,69.9,5.338
TAL-00573,2025,Sudeste,Cultivar B,Arenoso,Sequeiro,23.8,537.4,21.5,8.87,6.37,284.1,3.78,60.8,9.142
TAL-00437,2023,Sul,Cultivar B,Misto,Sequeiro,17.8,1234.9,25.3,6.26,7.01,158.6,2.79,50.8,8.074
TAL-00193,2021,Sul,Cultivar B,Argiloso,Sequeiro,28.6,541.6,21.8,7.56,5.71,190.8,,48.3,8.603
TAL-01657,2023,Sul,Cultivar A,Misto,Irrigado,56.8,882.9,23.9,7.3,6.61,173.2,,58.3,8.029
TAL-00619,2022,Sul,Cultivar C,Argiloso,Sequeiro,39.3,1003.5,30.6,6.15,5.95,71.2,2.7,69.6,5.527
TAL-00293,2023,Norte,Cultivar B,Arenoso,Irrigado,17.8,,25.6,7.32,6.59,232.2,1.37,66.5,8.292
TAL-01584,2025,Sul,Cultivar B,Argiloso,Irrigado,15.6,601.7,26.9,6.64,5.6,137.1,5.67,71.3,8.711
TAL-01566,2024,Sudeste,Cultivar C,Arenoso,Irrigado,30.2,1349.3,22.6,6.43,6.32,238.7,2.93,66.6,5.815
TAL-00813,2024,Norte,Cultivar B,Argiloso,Sequeiro,73.3,1198.6,,8.17,5.38,139.3,6.96,69.0,6.81
TAL-01550,2021,Sul,Cultivar C,Argiloso,Sequeiro,27.4,562.9,24.4,7.51,5.71,189.0,2.61,60.8,7.423
TAL-00508,2022,Nordeste,Cultivar C,Arenoso,Sequeiro,182.2,747.1,28.3,5.43,6.27,256.7,2.66,64.8,6.351
TAL-00142,2022,Sudeste,Cultivar A,ARGILOSO,Sequeiro,25.8,486.0,25.3,5.04,7.61,155.2,1.46,71.9,6.897
TAL-01405,2024,Sul,Cultivar C,Argiloso,Sequeiro,76.6,685.8,22.2,7.7,5.36,222.7,,53.3,8.196
TAL-00003,2022,Nordeste,Cultivar C,Misto,Sequeiro,106.1,1174.3,23.3,6.44,5.44,186.7,6.03,76.6,5.866
TAL-00757,2022,Sudeste,Cultivar C,Argiloso,Irrigado,66.9,869.9,20.6,9.0,5.65,165.0,2.93,36.3,6.613
TAL-01885,2022,Sudeste,Cultivar C,Argiloso,Sequeiro,20.8,1140.3,25.7,7.61,5.18,177.9,2.73,62.4,7.351
TAL-01260,2023,Norte,Cultivar A,Arenoso,Sequeiro,130.3,793.6,24.1,6.64,,224.9,2.47,59.1,7.81
TAL-00340,2024,Norte,Cultivar A,Misto,Irrigado,26.0,1259.3,19.4,7.38,6.2,101.9,,66.6,6.064
TAL-01545,2024,Sudeste,Cultivar A,Argiloso,Sequeiro,42.9,880.0,25.0,7.67,6.29,257.2,2.36,58.5,8.701
TAL-00983,2024,Centro-Oeste,Cultivar A,Arenoso,Sequeiro,6.8,1082.9,25.4,5.5,5.94,198.8,4.37,75.6,8.136
TAL-00539,2021,Sul,Cultivar A,Arenoso,Sequeiro,24.9,948.0,31.1,7.75,5.5,88.4,4.41,83.0,5.237
TAL-00266,2025,Sul,Cultivar A,ARGILOSO,Irrigado,18.7,358.3,27.3,6.58,6.59,146.0,4.93,69.5,6.491
TAL-00377,2024,Norte,Cultivar C,Argiloso,Sequeiro,21.4,1171.8,20.2,7.45,6.09,306.2,2.89,45.8,6.691
TAL-00693,2021,Sul,Cultivar C,ARGILOSO,Irrigado,23.2,694.2,23.3,5.5,6.34,127.9,0.76,50.1,7.652
TAL-01692,2022,Nordeste,Cultivar B,Arenoso,Sequeiro,12.2,1282.5,28.8,6.9,7.65,294.8,1.21,54.4,7.015
TAL-00440,2022,Centro-Oeste,Cultivar B,Arenoso,Sequeiro,32.2,683.4,20.7,8.61,5.16,75.9,2.81,64.2,7.988
TAL-00272,2022,Sul,Cultivar B,Argiloso,Sequeiro,113.0,753.5,22.6,7.77,5.37,150.9,5.17,56.8,8.943
TAL-00185,2023,Centro-Oeste,Cultivar B,Misto,Sequeiro,91.8,850.8,17.4,7.11,6.79,203.1,5.22,66.6,7.212
TAL-00949,2023,Nordeste,Cultivar C,Argiloso,Irrigado,55.3,1196.4,28.0,9.61,6.03,213.8,3.75,54.3,6.319
TAL-00245,2025,Centro-Oeste,Cultivar A,Argiloso,Sequeiro,71.6,209.7,23.5,10.0,5.7,18.8,1.71,78.5,6.449
TAL-01092,2024,Centro-Oeste,Cultivar C,Misto,Sequeiro,44.0,702.4,21.9,9.91,6.42,122.4,3.07,78.5,7.727
TAL-00446,2021,Centro-Oeste,Cultivar B,Argiloso,Sequeiro,48.2,695.2,23.4,6.19,5.79,153.2,3.1,50.5,9.042
TAL-00600,2023,Centro-Oeste,Cultivar C,Argiloso,Sequeiro,153.5,217.2,19.6,8.8,6.91,208.8,2.35,77.2,5.377
TAL-00825,2025,Nordeste,Cultivar C,Argiloso,Sequeiro,61.5,617.3,19.4,4.39,5.42,187.8,2.54,70.6,5.48
TAL-01652,2025,Sul,Cultivar A,Argiloso,Sequeiro,60.2,899.3,25.6,7.31,5.35,109.5,4.69,61.8,7.599
TAL-01418,2024,Centro-Oeste,Cultivar B,Misto,Irrigado,60.1,927.8,19.9,9.0,7.2,204.4,3.12,53.5,8.716
TAL-01323,2021,Sul,Cultivar B,Misto,Sequeiro,26.2,1423.7,25.6,8.08,5.44,90.1,0.91,53.2,6.99
TAL-00979,2024,Centro-Oeste,Cultivar B,Misto,Irrigado,10.9,928.0,19.2,8.17,5.76,176.2,,63.8,9.413
TAL-00416,2025,Sul,Cultivar A,Misto,Sequeiro,12.6,1290.1,24.7,6.27,5.32,31.7,3.24,79.1,6.303
TAL-00274,2024,Centro-Oeste,Cultivar C,Misto,Sequeiro,57.6,982.4,16.5,8.01,5.86,141.4,2.17,69.7,5.832
TAL-00737,2023,Sul,Cultivar A,Argiloso,Sequeiro,70.3,359.3,27.0,5.9,5.09,212.5,,83.5,6.749
TAL-01651,2025,Sul,Cultivar A,Misto,Irrigado,151.5,773.1,25.3,6.59,5.84,133.1,2.36,65.2,9.036
TAL-01466,2022,Centro-Oeste,Cultivar B,Misto,Sequeiro,26.4,1043.0,26.2,11.04,7.03,222.1,1.74,35.5,8.609
TAL-00251,2023,Centro-Oeste,Cultivar B,ARENOSO,Irrigado,30.6,222.3,25.5,9.45,5.19,113.8,2.0,68.2,8.161
TAL-00414,2022,Nordeste,Cultivar B,Arenoso,Irrigado,95.9,1054.3,21.8,8.43,,161.4,4.75,64.1,7.879
TAL-00621,2025,Centro-Oeste,Cultivar C,Arenoso,Irrigado,74.5,716.6,24.8,6.8,6.08,181.0,,77.3,8.156
TAL-01317,2025,Centro-Oeste,Cultivar B,Arenoso,Irrigado,132.7,474.2,26.8,7.83,7.31,193.6,3.7,61.4,8.568
TAL-01775,2025,Centro-Oeste,Cultivar B,Arenoso,Irrigado,109.4,,23.3,5.81,5.59,319.5,3.74,59.6,9.301
TAL-00311,2025,Sudeste,Cultivar C,Argiloso,Sequeiro,41.3,1322.2,23.1,5.69,5.79,202.6,0.51,77.4,6.652
TAL-00778,2025,Sul,Cultivar B,Arenoso,Sequeiro,92.5,685.9,,9.93,6.46,239.1,,77.3,9.135
TAL-00382,2024,Norte,Cultivar A,Arenoso,Irrigado,19.4,755.2,24.7,7.23,,186.0,,88.0,8.007
TAL-00562,2022,Sul,Cultivar B,Arenoso,Sequeiro,77.3,1080.3,25.3,7.26,5.56,199.1,3.42,59.1,9.124
TAL-00426,2024,Nordeste,Cultivar B,Argiloso,Sequeiro,18.4,1482.8,21.1,4.74,5.95,223.5,,63.6,7.818
TAL-01890,2025,Sudeste,Cultivar A,Arenoso,Irrigado,43.0,860.5,25.9,8.92,5.84,149.5,1.11,55.2,8.18
TAL-00535,2024,Sul,Cultivar C,Argiloso,Sequeiro,21.4,1317.4,23.2,9.08,5.35,218.6,3.06,68.3,7.325
TAL-00758,2022,Norte,Cultivar B,Misto,Irrigado,22.4,837.3,22.9,8.27,6.55,169.2,,57.8,8.519
TAL-00772,2025,Centro-Oeste,Cultivar B,Argiloso,Sequeiro,45.6,1007.3,25.3,8.56,6.37,301.1,6.4,57.3,9.13
TAL-01367,2024,Sul,Cultivar B,Argiloso,Sequeiro,163.8,802.5,22.1,3.97,5.49,161.3,0.72,60.8,8.622
TAL-00409,2025, Sul ,Cultivar A,Misto,Sequeiro,24.0,583.6,23.6,5.16,5.34,229.6,3.86,66.9,7.302
TAL-01626,2024,Centro-Oeste,Cultivar B,Argiloso,Sequeiro,44.8,909.5,23.8,7.12,6.11,245.2,1.62,71.2,9.395
TAL-01601,2023,Nordeste,Cultivar A,Argiloso,Irrigado,12.5,333.8,25.3,8.46,6.84,178.7,0.93,88.8,7.423
TAL-01955,2024,Nordeste,Cultivar A,Argiloso,Irrigado,15.1,838.0,23.1,6.69,5.25,396.3,4.95,48.6,7.6
TAL-01162,2025,Centro-Oeste,Cultivar C,Misto,Sequeiro,52.5,562.7,21.4,7.57,6.93,121.6,2.09,48.9,7.097
TAL-00945,2025,Sudeste,Cultivar A,Argiloso,Sequeiro,49.8,1501.1,23.1,9.54,6.37,270.8,1.09,81.7,6.972
TAL-01160,2023, Centro-Oeste ,Cultivar A,Arenoso,Sequeiro,37.9,853.2,23.5,8.19,5.37,258.6,4.49,58.5,8.204
TAL-01570,2024,Sudeste,Cultivar A,Misto,Irrigado,30.3,1064.3,21.9,6.22,,132.9,3.25,68.4,7.311
TAL-00651,2022,Sudeste,Cultivar C,Misto,Irrigado,184.1,946.4,,6.18,6.21,165.1,0.86,47.8,6.971
TAL-01913,2025,Nordeste,Cultivar C,Argiloso,Sequeiro,35.2,1092.3,29.6,6.54,,135.8,,76.3,5.731
TAL-00183,2023,Centro-Oeste,Cultivar C,Argiloso,Irrigado,93.6,834.0,23.2,8.96,5.73,160.0,4.75,63.2,7.116
TAL-00171,2025,Sudeste,Cultivar A,Misto,Irrigado,9.9,1305.7,21.9,6.72,6.67,131.9,3.78,62.0,6.997
TAL-01943,2025,Sudeste,Cultivar A,Arenoso,Irrigado,9.9,714.5,20.6,8.28,6.2,206.1,2.84,59.3,7.779
TAL-00591,2023,Norte,Cultivar B,Arenoso,Sequeiro,157.7,537.4,23.4,5.18,5.28,188.3,3.11,86.2,6.449
TAL-01892,2023,Centro-Oeste,Cultivar B,Argiloso,Irrigado,14.4,679.5,22.7,5.65,6.65,198.0,,62.9,10.28
TAL-01697,2023,Sul,Cultivar A,Arenoso,Sequeiro,13.4,1082.9,22.9,7.83,4.94,228.9,3.55,70.4,8.722
TAL-00858,2025,Nordeste,Cultivar A,Argiloso,Sequeiro,87.3,1043.6,27.7,8.87,4.47,262.1,5.83,54.8,6.575
TAL-00273,2025,Sul,Cultivar B,Misto,Sequeiro,146.3,1048.8,30.1,5.77,5.54,249.7,4.87,69.0,7.723
TAL-01561,2024,Norte,Cultivar B,Misto,Irrigado,20.2,626.2,21.9,9.56,5.55,151.1,,61.3,8.646
TAL-01546,2022,Sudeste,Cultivar A,Arenoso,Sequeiro,11.0,945.8,17.9,5.79,6.16,184.5,3.49,65.2,6.029
TAL-01453,2025,Nordeste,Cultivar A,Argiloso,Sequeiro,110.1,1282.7,24.1,5.51,6.2,142.9,1.38,82.5,5.846
TAL-00372,2024,Sul,Cultivar A,Arenoso,Sequeiro,85.1,,,4.15,5.76,184.0,1.25,68.6,7.049
TAL-00223,2022,Centro-Oeste,Cultivar A,Arenoso,Sequeiro,7.0,607.3,24.0,8.01,6.32,204.8,4.29,77.6,8.114
TAL-00905,2025, Norte ,Cultivar A,Argiloso,Sequeiro,69.0,1020.7,25.1,5.54,6.02,173.3,2.95,60.7,6.999
TAL-01759,2021,Nordeste,Cultivar C,Arenoso,Sequeiro,51.4,1344.1,20.1,6.53,6.58,255.8,1.68,72.9,5.255
TAL-01320,2021,Nordeste,Cultivar A,Arenoso,Sequeiro,109.8,481.4,17.4,7.55,5.75,206.7,3.51,64.3,4.193
TAL-00519,2024,Sul,Cultivar B,Misto,Sequeiro,57.1,287.4,26.2,7.49,7.17,209.6,1.52,46.2,6.499
TAL-00335,2022,Sul,Cultivar A,Misto,Irrigado,7.8,943.8,24.0,9.81,6.23,156.4,1.26,43.7,9.641
TAL-01582,2021,Sudeste,Cultivar B,Argiloso,Irrigado,28.3,1147.7,19.0,7.85,5.9,205.2,,58.8,7.965
TAL-01345,2024,Norte,Cultivar B,Arenoso,Sequeiro,16.9,498.5,21.5,7.07,6.86,154.1,1.78,47.7,7.077
TAL-01812,2023,Sudeste,Cultivar A,Arenoso,Sequeiro,16.1,752.3,21.3,7.02,5.63,157.3,2.15,82.2,7.337
TAL-00608,2024,Sul,Cultivar A,Arenoso,Sequeiro,46.9,1146.4,24.3,7.05,,205.6,1.42,68.1,8.945
TAL-00016,2022,Sul,Cultivar B,Argiloso,Sequeiro,199.8,780.0,21.4,8.7,5.53,199.4,0.34,85.3,8.184
TAL-01461,2025,Centro-Oeste,Cultivar A,Argiloso,Sequeiro,9.4,849.1,26.2,6.68,6.39,270.5,3.91,56.9,9.726
TAL-01990,2022,Sul,Cultivar C,Argiloso,Irrigado,31.2,890.9,24.7,9.17,6.55,269.1,1.88,50.4,8.069
TAL-01551,2025,Sul,Cultivar C,Arenoso,Irrigado,310.3,813.4,24.6,7.9,5.07,102.5,3.59,56.2,7.621
TAL-01872,2025,Sudeste,Cultivar A,Arenoso,Sequeiro,53.6,722.8,21.7,6.62,5.93,202.2,2.08,59.3,7.578
TAL-00611,2022,Centro-Oeste,Cultivar C,Misto,Irrigado,10.8,839.8,21.1,7.83,5.97,240.1,2.21,71.6,8.533
TAL-01449,2022,Centro-Oeste,Cultivar A,Argiloso,Sequeiro,179.8,792.9,23.5,4.78,6.71,297.6,2.31,61.7,9.175
TAL-00466,2023,Centro-Oeste,Cultivar B,Arenoso,Irrigado,46.5,497.7,29.0,7.16,6.44,75.7,3.95,57.2,7.212
TAL-01402,2024,Sul,Cultivar C,Arenoso,Sequeiro,97.8,1162.6,21.5,8.54,5.7,142.5,6.25,62.6,6.367
TAL-00200,2022,Sudeste,Cultivar B,Arenoso,Irrigado,27.0,905.1,27.7,7.21,7.11,183.0,1.98,72.6,8.73
TAL-01281,2025,Sudeste,Cultivar B,Misto,Irrigado,46.7,1101.3,26.0,4.4,5.48,128.1,2.73,70.9,7.396
TAL-01342,2021,Nordeste,Cultivar C,Arenoso,Sequeiro,80.8,674.0,26.1,8.96,5.56,116.8,2.32,66.3,6.983
TAL-01868,2025,Sul,Cultivar A,Argiloso,Sequeiro,32.7,1072.7,28.9,6.78,6.32,144.6,3.39,45.2,6.835
TAL-01310,2024,Norte,Cultivar A,ARENOSO,Sequeiro,49.9,1264.0,23.0,8.92,5.62,143.8,4.5,71.7,6.774
TAL-01743,2024,Sul,Cultivar C,Misto,Irrigado,118.9,777.8,23.7,6.33,5.69,156.3,,59.1,8.546
TAL-01625,2025,Sudeste,Cultivar B,Arenoso,Sequeiro,16.6,813.1,25.6,7.33,6.41,136.6,3.14,54.8,8.687
TAL-01755,2024,Sudeste,Cultivar A,Arenoso,Sequeiro,17.9,1315.8,24.3,7.95,6.02,163.7,3.39,45.3,6.478
TAL-01424,2022,Sudeste,Cultivar A,Arenoso,Sequeiro,13.0,897.7,20.9,7.21,6.29,120.7,,76.1,6.815
TAL-00977,2021,Sudeste,Cultivar B,Argiloso,Irrigado,37.8,664.5,18.7,6.94,5.42,147.8,7.11,69.5,6.6
TAL-00571,2024,Sudeste,Cultivar A,Arenoso,Irrigado,10.6,1237.0,23.9,6.96,5.87,193.3,3.0,55.4,7.307
TAL-00044,2023,Sudeste,Cultivar C,Misto,Irrigado,8.0,984.1,17.1,9.3,4.86,210.9,1.4,70.7,5.635
TAL-00275,2022,Centro-Oeste,Cultivar C,Arenoso,Sequeiro,251.4,995.2,,6.84,5.71,257.4,1.4,45.9,6.116
TAL-01750,2021,Sudeste,Cultivar A,Misto,Irrigado,53.3,1122.1,20.8,8.27,6.26,192.1,,62.3,7.122
TAL-00102,2022,Centro-Oeste,Cultivar A,Argiloso,Sequeiro,18.0,1020.1,23.3,7.29,5.77,173.6,,41.6,6.925
TAL-01428,2023,Sul,Cultivar C,Misto,Sequeiro,35.0,466.7,15.9,6.95,6.64,299.8,,67.8,4.871
TAL-00734,2023,Sudeste,Cultivar A,Arenoso,Irrigado,20.6,932.7,23.2,7.21,5.45,147.2,,85.2,7.333
TAL-01400,2024,Sudeste,Cultivar B,Arenoso,Irrigado,38.5,873.3,29.5,6.89,5.72,299.8,,52.6,7.72
TAL-00108,2025,Sul,Cultivar C,Argiloso,Sequeiro,14.3,499.8,23.7,8.39,6.22,214.2,3.99,51.7,7.392
TAL-01042,2021,Centro-Oeste,Cultivar C,Arenoso,Sequeiro,45.4,818.1,24.0,7.34,6.74,210.7,1.29,73.0,8.044
TAL-00498,2025,Centro-Oeste,Cultivar A,Argiloso,Sequeiro,59.0,824.9,28.9,8.52,5.77,237.9,3.12,50.3,6.965
TAL-01996,2023,Centro-Oeste,Cultivar A,ARGILOSO,Sequeiro,20.3,1102.5,25.7,4.55,5.6,171.7,2.24,64.0,8.06
TAL-00890,2021,Centro-Oeste,Cultivar A,Misto,Sequeiro,57.5,653.3,19.9,6.08,5.54,176.7,2.57,74.4,7.288
TAL-01434,2023,Sul,Cultivar A,Argiloso,Sequeiro,14.7,799.9,25.6,6.04,,178.9,5.15,48.8,7.542
TAL-01611,2025,Sul,Cultivar B,Arenoso,Irrigado,140.9,1583.6,26.2,7.9,5.41,209.4,1.71,86.5,6.104
TAL-01115,2023,Norte,Cultivar A,Arenoso,Irrigado,16.0,594.3,19.9,5.74,6.12,175.6,,37.7,6.489
TAL-01617,2021,Sul,Cultivar A,Argiloso,Sequeiro,15.7,1042.5,20.2,8.67,5.35,180.4,3.24,81.2,7.073
TAL-00620,2024,Sul,Cultivar C,Argiloso,Sequeiro,42.3,1366.5,24.5,7.2,5.87,232.3,2.84,51.2,7.602
TAL-00866,2023,Nordeste,Cultivar A,ARENOSO,Sequeiro,37.1,1000.3,27.6,7.64,5.92,115.5,0.37,85.5,6.571
TAL-00073,2022,Nordeste,Cultivar A,Argiloso,Sequeiro,29.2,1179.2,23.1,9.33,6.07,114.4,1.22,76.3,7.843
TAL-01248,2023,Sul,Cultivar C,Arenoso,Sequeiro,37.6,910.3,21.7,8.29,5.37,211.6,2.7,49.0,8.201
TAL-01223,2022,Nordeste,Cultivar B,Arenoso,Sequeiro,178.3,1293.9,22.8,6.24,4.8,129.6,3.96,54.8,7.108
TAL-01176,2025,Centro-Oeste,Cultivar A,Arenoso,Sequeiro,10.2,728.3,30.3,5.14,6.31,240.2,,76.5,6.747
TAL-01495,2021, Sudeste ,Cultivar A,Misto,Irrigado,103.7,941.6,17.5,5.17,5.24,69.8,1.94,70.2,5.394
TAL-00482,2022,Sul,Cultivar A,Argiloso,Sequeiro,19.1,1071.5,21.3,6.85,5.79,182.0,,60.8,7.435
TAL-01076,2021,Sudeste,Cultivar C,Arenoso,Sequeiro,19.1,1158.2,25.4,7.08,6.38,205.5,,51.7,6.993
TAL-00507,2024,Sudeste,Cultivar C,Argiloso,Irrigado,125.9,955.0,21.4,4.85,6.21,140.6,3.55,73.9,6.381
TAL-00680,2024,Sudeste,Cultivar A,Misto,Sequeiro,69.8,958.7,25.3,7.72,4.99,187.6,1.42,30.9,7.124
TAL-01236,2022,Sul,Cultivar A,Argiloso,Irrigado,44.5,1130.2,21.0,7.96,5.44,224.2,1.32,61.2,8.14
TAL-01290,2021, Centro-Oeste ,Cultivar A,Argiloso,Sequeiro,9.9,842.8,27.8,8.07,4.35,161.5,3.96,40.6,6.557
TAL-00746,2023,Sudeste,Cultivar B,Arenoso,Sequeiro,8.9,846.3,22.6,8.99,6.79,186.9,,66.8,9.625
TAL-01118,2024,Centro-Oeste,Cultivar B,Misto,Irrigado,22.6,734.7,19.4,6.86,5.62,214.8,2.9,66.8,9.486
TAL-01240,2025,Sul,Cultivar A,Argiloso,Irrigado,17.1,1085.5,29.0,5.4,6.33,144.0,2.68,57.4,6.845
TAL-00312,2022,Sudeste,Cultivar A,Misto,Irrigado,9.1,804.2,28.6,8.18,6.1,110.5,3.85,59.6,7.711
TAL-00835,2023,Centro-Oeste,Cultivar B,Arenoso,Sequeiro,26.4,1107.7,23.2,6.19,5.99,129.0,,60.7,9.083
TAL-00406,2025,Nordeste,Cultivar A,Argiloso,Irrigado,96.9,626.3,22.8,5.66,5.64,173.1,4.11,41.4,6.557
TAL-01919,2021,Centro-Oeste,Cultivar B,Misto,Irrigado,47.4,1211.7,25.1,5.61,6.56,258.0,0.6,77.8,9.569
TAL-01152,2023,Nordeste,Cultivar B,Arenoso,Irrigado,70.8,474.1,27.1,8.12,6.49,46.9,2.21,65.1,6.871
TAL-00310,2025,Sul,Cultivar C,Argiloso,Irrigado,52.1,668.2,23.6,7.32,6.2,100.7,2.67,72.7,7.689
TAL-00227,2024,Sul,Cultivar B,Argiloso,Sequeiro,157.3,973.5,22.6,5.57,6.41,156.1,2.07,92.6,8.553
TAL-01712,2023,Sudeste,Cultivar B,Argiloso,Irrigado,83.1,848.9,28.2,8.22,5.57,151.5,0.64,82.4,8.429
TAL-01007,2021,Norte,Cultivar B,Misto,Irrigado,84.7,1087.7,27.4,4.81,6.35,214.0,,61.3,7.71
TAL-01641,2024,Centro-Oeste,Cultivar A,Argiloso,Sequeiro,39.5,1113.9,22.8,5.49,6.11,172.7,0.79,64.5,7.982
TAL-00833,2021,Sudeste,Cultivar A,Argiloso,Sequeiro,13.2,525.7,20.7,7.83,5.96,199.6,,70.4,6.772
TAL-01437,2022,Sul,Cultivar A,Misto,Sequeiro,48.2,1168.5,23.6,8.24,6.49,115.4,2.63,83.2,7.911
TAL-00149,2025,Sudeste,Cultivar B,Argiloso,Irrigado,46.3,877.8,24.9,8.86,6.7,292.4,0.71,53.0,9.015
TAL-00745,2024,Centro-Oeste,Cultivar A,Arenoso,Sequeiro,17.6,525.8,24.8,8.85,5.66,216.9,5.19,72.3,7.796
TAL-01085,2021,Norte,Cultivar B,MISTO,Sequeiro,28.9,1032.0,26.4,7.64,4.49,203.4,0.9,73.9,7.731
TAL-00839,2022,Sudeste,Cultivar A,Arenoso,Irrigado,128.8,549.9,24.9,6.75,6.17,301.9,2.18,66.2,8.733
TAL-01221,2025,Sul,Cultivar A,Arenoso,Sequeiro,15.1,773.7,29.7,7.54,6.7,185.6,2.13,75.6,6.787
TAL-00846,2024,Nordeste,Cultivar B,ARENOSO,Sequeiro,57.7,1130.4,26.2,8.45,5.67,108.4,1.26,60.7,8.292
TAL-00576,2023,Centro-Oeste,Cultivar B,Arenoso,Sequeiro,31.1,398.7,26.1,5.84,5.72,135.0,7.04,77.3,6.618
TAL-00558,2024,Sudeste,Cultivar A,Argiloso,Sequeiro,118.4,995.5,27.5,5.72,6.28,190.6,3.16,64.1,7.363
TAL-00702,2024,Sudeste,Cultivar B,Argiloso,Sequeiro,47.7,778.8,21.9,8.16,5.73,180.2,0.94,58.8,8.293
TAL-01164,2024,Sul,Cultivar B,Argiloso,Irrigado,18.1,892.4,20.9,8.14,5.79,116.7,3.47,55.4,7.973
TAL-01357,2025,Centro-Oeste,Cultivar B,Argiloso,Irrigado,52.1,,29.3,5.39,5.73,1336.0,2.93,66.6,7.856
TAL-01170,2022,Sul,Cultivar B,Arenoso,Sequeiro,57.0,1127.6,24.0,8.74,5.68,153.0,3.34,73.1,9.36
TAL-01661,2023,Sul,Cultivar A,Argiloso,Sequeiro,68.4,779.4,26.9,8.37,5.16,193.0,,36.7,6.755
TAL-00967,2023,Norte,Cultivar A,ARGILOSO,Sequeiro,15.2,212.6,30.1,6.24,6.44,213.0,1.6,59.8,5.383
TAL-00287,2023,Sul,Cultivar C,Misto,Sequeiro,37.3,916.5,28.1,6.68,4.23,255.4,5.58,69.3,6.543
TAL-01616,2023,Sul,Cultivar B,Arenoso,Irrigado,10.6,820.8,21.8,8.89,6.65,238.5,1.57,74.9,9.348
TAL-00744,2024,Sul,Cultivar B,Arenoso,Sequeiro,57.4,675.1,23.5,8.77,5.73,161.6,5.91,58.1,8.684
TAL-00599,2023,Norte,Cultivar C,Arenoso,Sequeiro,32.8,578.0,27.3,5.66,5.78,210.7,2.19,43.0,6.278
TAL-00941,2021,Sul,Cultivar C,Misto,Irrigado,34.5,723.2,23.7,6.63,6.64,221.3,2.64,59.1,8.109
TAL-01472,2021,Sul,Cultivar A,Arenoso,Irrigado,27.9,809.9,26.4,7.05,6.86,80.9,0.98,72.7,7.68
TAL-01659,2025,Sudeste,Cultivar C,Arenoso,Sequeiro,68.6,821.4,22.3,7.32,4.38,179.3,4.72,56.2,7.42
TAL-01827,2025, Centro-Oeste ,Cultivar A,Argiloso,Irrigado,13.6,929.5,25.4,8.59,5.9,280.1,,61.7,9.387
TAL-01048,2023,Centro-Oeste,Cultivar B,Misto,Sequeiro,16.1,581.5,26.5,6.85,5.09,176.4,1.3,76.6,9.566
TAL-01332,2021,Sudeste,Cultivar A,Argiloso,Irrigado,83.4,945.5,21.1,6.51,5.79,205.8,5.42,65.3,6.991
TAL-00814,2025,Centro-Oeste,Cultivar A,Misto,Sequeiro,22.2,1212.6,,5.63,5.55,171.2,1.19,45.6,7.434
TAL-01689,2021,Centro-Oeste,Cultivar B,Misto,Sequeiro,130.6,1050.2,24.6,5.82,5.42,258.3,1.36,59.8,9.516
TAL-01001,2025,Sul,Cultivar C,Arenoso,Irrigado,50.1,402.8,17.7,6.52,,100.5,4.77,57.4,5.216
TAL-01471,2024,Norte,Cultivar A,Argiloso,Sequeiro,41.7,535.3,22.1,6.6,6.32,138.7,4.62,65.4,7.048
TAL-01507,2024,Centro-Oeste,Cultivar A,Arenoso,Irrigado,134.2,825.0,33.0,8.1,6.98,154.3,5.63,50.7,4.378
TAL-00610,2022,Sudeste,Cultivar A,Misto,Sequeiro,83.1,1120.7,24.6,7.22,4.92,271.5,2.48,85.7,7.488
TAL-01799,2021,Centro-Oeste,Cultivar A,Argiloso,Sequeiro,40.4,910.8,24.2,7.36,,178.8,1.53,66.6,8.678
TAL-01088,2025,Centro-Oeste,Cultivar A,Argiloso,Sequeiro,40.7,1087.6,29.9,7.85,6.02,176.2,1.63,69.2,7.75
TAL-01433,2024,Sul,Cultivar C,Argiloso,Irrigado,24.9,663.6,27.2,5.99,5.34,101.9,,66.4,6.974
TAL-01739,2024,Centro-Oeste,Cultivar B,Misto,Sequeiro,74.4,816.1,27.0,7.11,6.3,177.6,7.96,75.7,8.115
TAL-00494,2025,Sudeste,Cultivar C,Arenoso,Sequeiro,34.8,906.3,23.9,9.6,5.33,111.9,3.38,77.9,7.352
TAL-01330,2024,Sul,Cultivar A,ARENOSO,Sequeiro,191.6,752.0,22.7,6.11,6.57,158.4,1.95,79.9,7.326
TAL-00278,2024,Centro-Oeste,Cultivar A,Misto,Irrigado,94.4,853.2,19.4,10.58,7.18,168.3,3.24,57.6,8.844
TAL-01861,2022,Centro-Oeste,Cultivar A,Argiloso,Sequeiro,6.8,974.4,21.4,8.0,6.96,204.0,6.7,64.4,6.657
TAL-00359,2025,Sudeste,Cultivar C,Argiloso,Sequeiro,67.7,936.9,32.8,4.61,6.37,257.9,0.87,61.4,3.992
TAL-01119,2024,Sul,Cultivar A,Arenoso,Sequeiro,7.9,714.4,22.0,6.71,5.89,193.6,1.48,66.1,8.238
TAL-00237,2025,Sudeste,Cultivar A,Argiloso,Sequeiro,38.8,703.0,31.2,6.86,5.88,93.1,2.77,52.7,4.7
TAL-00552,2024,Sul,Cultivar A,Argiloso,Sequeiro,35.5,805.7,24.9,6.89,,213.1,0.82,58.4,8.69
TAL-01882,2021,Centro-Oeste,Cultivar C,Arenoso,Sequeiro,11.9,1258.8,27.1,8.81,5.73,210.6,1.13,75.5,7.474
TAL-00906,2022,Centro-Oeste,Cultivar B,Argiloso,Irrigado,29.2,779.9,28.2,6.16,5.72,188.1,1.61,67.2,7.801
TAL-00209,2024,Sul,Cultivar A,Argiloso,Sequeiro,20.0,1096.0,23.7,6.35,4.87,116.4,3.24,69.1,7.728
TAL-01593,2025,Norte,Cultivar C,Argiloso,Irrigado,58.8,,24.8,7.92,5.17,205.6,,93.3,6.933
TAL-01572,2024,Centro-Oeste,Cultivar A,Arenoso,Irrigado,16.6,772.8,23.7,8.8,6.66,220.0,0.92,67.9,9.748
TAL-00059,2024,Sul,Cultivar A,Argiloso,Irrigado,32.7,768.9,32.1,7.6,5.67,159.3,4.6,59.6,4.646
TAL-00632,2023,Nordeste,Cultivar A,Argiloso,Sequeiro,8.9,1222.3,23.6,7.3,6.81,118.1,2.79,73.9,6.173
TAL-01682,2021,Nordeste,Cultivar A,ARGILOSO,Irrigado,237.5,1462.9,19.2,8.12,7.16,224.6,5.37,64.9,4.509
TAL-01874,2022,Norte,Cultivar A,Arenoso,Sequeiro,17.4,854.8,20.5,6.06,5.71,196.8,3.54,67.8,5.819
TAL-01589,2025,Sudeste,Cultivar B,Argiloso,Sequeiro,23.1,585.7,21.0,5.66,,306.8,4.55,51.1,8.134
TAL-00364,2023,Sul,Cultivar C,Misto,Sequeiro,74.8,954.3,24.2,6.31,5.54,165.3,2.2,66.5,7.251
TAL-00506,2022,Centro-Oeste,Cultivar A,Argiloso,Sequeiro,28.4,671.2,25.1,5.59,,208.6,,90.0,8.008
TAL-01288,2024,Sudeste,Cultivar A,Argiloso,Sequeiro,41.2,958.7,27.7,10.02,6.43,145.0,1.79,66.7,6.997
TAL-01321,2024,Sudeste,Cultivar A,Arenoso,Sequeiro,24.3,1055.2,22.4,6.02,,247.2,2.9,59.7,7.688
TAL-01615,2021,Nordeste,Cultivar B,Argiloso,Sequeiro,54.9,712.8,23.3,9.88,6.53,129.6,1.96,70.3,7.827
TAL-01234,2025,Centro-Oeste,Cultivar A,Argiloso,Sequeiro,46.7,1127.9,27.2,6.1,6.14,302.4,1.93,68.5,9.01
TAL-00850,2025,Norte,Cultivar A,Misto,Irrigado,147.3,950.2,25.4,6.82,6.99,139.9,4.73,77.8,6.693
TAL-01867,2021,Norte,Cultivar B,Misto,Sequeiro,78.1,1401.4,23.1,6.72,6.15,214.9,4.31,82.8,7.375
TAL-01560,2024,Nordeste,Cultivar B,Arenoso,Irrigado,39.4,812.7,26.2,8.47,6.2,126.6,,76.2,7.853
TAL-00119,2023,Sudeste,Cultivar A,Arenoso,Irrigado,133.1,680.8,16.9,8.42,6.92,80.4,,89.8,4.63
TAL-01771,2023,Centro-Oeste,Cultivar C,Misto,Sequeiro,139.6,1164.7,19.4,8.5,5.3,200.4,4.94,72.3,6.774
TAL-00773,2024,Centro-Oeste,Cultivar C,Arenoso,Sequeiro,11.4,1125.0,26.2,5.9,6.44,136.5,4.03,58.8,7.303
TAL-00523,2025, Sul ,Cultivar A,Misto,Sequeiro,76.6,1105.6,20.7,9.08,6.88,197.3,3.94,49.1,7.87
TAL-00514,2025,Sudeste,Cultivar A,Arenoso,Irrigado,21.5,914.8,18.9,6.07,7.26,167.7,1.96,50.4,6.893
TAL-00082,2024,Sudeste,Cultivar A,Arenoso,Sequeiro,50.1,1211.8,21.7,9.92,6.32,51.3,5.89,61.4,6.69
TAL-01884,2023,Centro-Oeste,Cultivar A,Misto,Irrigado,25.3,762.5,22.8,8.42,6.81,108.8,4.69,63.9,8.055
TAL-01103,2023,Centro-Oeste,Cultivar C,Arenoso,Sequeiro,11.2,1186.3,23.0,6.69,6.62,152.5,0.91,85.0,7.234
TAL-00381,2023,Centro-Oeste,Cultivar C,Argiloso,Irrigado,54.9,417.7,25.1,8.45,6.07,197.0,3.39,51.0,9.019
TAL-01037,2025,Sudeste,Cultivar B,Misto,Sequeiro,11.7,558.9,23.3,6.0,6.49,140.9,2.26,71.0,7.898
TAL-01702,2021,Norte,Cultivar A,Arenoso,Sequeiro,24.1,933.1,23.2,6.2,6.91,91.2,0.73,48.3,6.278
TAL-00085,2021,Sul,Cultivar B,Argiloso,Sequeiro,60.8,960.7,26.0,10.3,5.88,211.2,1.92,76.8,9.148
TAL-01691,2023,Centro-Oeste,Cultivar A,Argiloso,Sequeiro,16.0,335.3,25.4,8.97,5.33,167.9,,72.3,7.509
TAL-00330,2023,Sudeste,Cultivar A,Misto,Sequeiro,567.2,1149.2,27.9,6.33,6.16,102.1,1.8,103.2,6.211
TAL-00007,2024,Centro-Oeste,Cultivar A,Argiloso,Irrigado,45.5,604.2,,7.48,5.78,186.9,2.11,75.7,7.676
TAL-01678,2024,Sudeste,Cultivar B,Argiloso,Irrigado,69.1,953.6,24.3,4.94,5.97,247.5,7.29,74.6,7.937
TAL-01666,2024,Nordeste,Cultivar A,Argiloso,Sequeiro,35.2,1006.1,23.1,6.83,6.5,181.9,0.83,82.0,8.225
TAL-00923,2021,Centro-Oeste,Cultivar A,Arenoso,Sequeiro,21.1,873.3,19.7,8.45,5.4,241.4,2.8,71.8,8.663
TAL-00882,2025,Centro-Oeste,Cultivar A,Argiloso,Irrigado,4.5,886.8,25.5,4.98,7.01,242.4,2.32,68.6,8.198
TAL-00452,2021,Nordeste,Cultivar B,Misto,Sequeiro,216.2,922.3,25.0,4.35,,88.3,0.86,55.4,7.49
TAL-00491,2022,Centro-Oeste,Cultivar C,Argiloso,Sequeiro,18.6,803.6,26.2,5.98,6.66,285.7,,71.2,7.57
TAL-01492,2025,Nordeste,Cultivar A,Argiloso,Irrigado,23.2,605.7,26.0,8.7,5.16,180.9,2.98,76.8,7.295
TAL-00288,2025,Sudeste,Cultivar B,Arenoso,Irrigado,17.3,1142.4,25.3,8.28,5.51,219.2,4.32,45.9,8.027
TAL-01263,2024,Sudeste,Cultivar A,Arenoso,Sequeiro,61.8,792.0,22.4,8.47,5.43,294.2,3.7,54.2,7.822
TAL-01861,2022,Centro-Oeste,Cultivar A,Argiloso,Sequeiro,6.8,974.4,21.4,8.0,6.96,204.0,6.7,64.4,6.657
TAL-01379,2022,Centro-Oeste,Cultivar A,Arenoso,Sequeiro,40.2,1488.0,22.8,4.3,5.69,183.3,5.04,65.8,4.707
TAL-01993,2023,Sudeste,Cultivar A,Misto,Sequeiro,17.9,1076.2,19.7,6.36,5.3,216.6,2.02,75.7,7.876
TAL-00760,2022,Sudeste,Cultivar B,Misto,Sequeiro,40.1,1019.0,17.7,5.56,6.95,301.7,3.14,65.0,7.336
TAL-00808,2025,Sul,Cultivar B,Argiloso,Irrigado,115.4,1310.5,25.0,7.75,5.18,214.7,0.59,60.7,8.629
TAL-01828,2023,Sudeste,Cultivar A,Arenoso,Sequeiro,12.3,795.5,22.0,7.18,5.33,95.4,3.37,65.5,6.826
TAL-00837,2024,Centro-Oeste,Cultivar B,Arenoso,Sequeiro,79.7,946.4,25.2,7.11,4.8,94.8,3.4,65.8,8.139
TAL-00887,2021,Sudeste,Cultivar A,Arenoso,Sequeiro,128.7,840.2,31.5,5.29,6.51,144.8,1.93,59.9,5.638
TAL-01233,2024,Sul,Cultivar B,Argiloso,Sequeiro,20.7,,28.7,8.31,5.36,240.3,1.4,77.3,7.665
TAL-01177,2023,Sudeste,Cultivar C,Arenoso,Sequeiro,89.8,150.0,24.6,7.01,7.03,106.1,3.63,63.7,3.46
TAL-01663,2022,Centro-Oeste,Cultivar C,Argiloso,Irrigado,49.5,1018.3,28.5,8.83,6.87,139.4,4.3,52.6,6.183
TAL-00328,2024, Centro-Oeste ,Cultivar A,Argiloso,Sequeiro,95.2,697.2,27.3,6.95,6.28,188.4,2.78,60.3,7.717
TAL-00443,2022,Centro-Oeste,Cultivar A,Misto,Irrigado,8.4,736.4,29.8,8.08,5.67,89.3,5.04,75.6,5.894
TAL-00781,2024,Sul,Cultivar A,Arenoso,Sequeiro,11.4,,29.5,6.0,5.59,88.7,7.14,81.8,5.006
TAL-01877,2025,Sul,Cultivar A,Argiloso,Sequeiro,56.7,693.6,23.0,8.0,6.08,125.4,2.86,65.5,8.442
TAL-00933,2021,Sudeste,Cultivar B,Misto,Sequeiro,15.4,1083.3,19.9,6.37,5.81,235.6,1.12,49.3,7.908
TAL-01961,2023,Centro-Oeste,Cultivar A,Arenoso,Sequeiro,142.9,691.8,21.4,9.75,6.05,186.2,,62.9,8.255
TAL-00178,2024, Norte ,Cultivar C,Misto,Sequeiro,5.4,1301.4,20.6,5.84,7.08,135.6,4.38,65.2,6.062
TAL-01825,2023,Centro-Oeste,Cultivar B,Argiloso,Irrigado,17.1,1416.4,27.4,6.11,6.31,61.3,4.14,70.9,6.654
TAL-01197,2024,Sul,Cultivar B,Argiloso,Sequeiro,78.8,703.5,22.3,5.23,7.07,190.9,2.57,69.6,8.817
TAL-00087,2025,Centro-Oeste,Cultivar A,Argiloso,Sequeiro,26.8,902.2,26.0,7.32,,168.1,,64.2,8.223
TAL-01419,2023,Nordeste,Cultivar A,Arenoso,Sequeiro,22.0,1073.7,16.1,7.63,7.08,243.7,1.75,63.4,5.447
TAL-01915,2022,Sul,Cultivar A,Arenoso,Irrigado,38.7,1019.3,17.1,8.65,6.37,202.5,,60.3,5.835
TAL-00458,2025,Sudeste,Cultivar A,Argiloso,Irrigado,37.5,863.8,27.0,8.86,4.99,165.9,7.71,60.1,6.743
TAL-01956,2023,Norte,Cultivar B,Argiloso,Irrigado,37.8,529.6,23.0,4.13,5.62,160.4,4.95,51.0,7.179
TAL-00055,2025,Centro-Oeste,Cultivar A,Misto,Sequeiro,39.6,1249.2,21.1,5.87,6.46,222.4,,90.8,7.459
TAL-01513,2022,Centro-Oeste,Cultivar C,Argiloso,Sequeiro,25.7,527.8,27.3,5.62,,2535.0,6.47,34.7,6.159
TAL-00644,2022,Sul,Cultivar C,Arenoso,Sequeiro,70.6,632.2,20.3,6.37,5.17,133.5,3.18,66.2,6.981
TAL-00678,2024,Sudeste,Cultivar C,Arenoso,Irrigado,30.4,704.6,25.2,6.16,5.56,109.8,,45.5,6.932
TAL-00222,2025,Sudeste,Cultivar A,Arenoso,Sequeiro,53.7,862.2,23.9,7.89,5.85,177.2,2.48,54.2,7.972
TAL-00114,2024,Centro-Oeste,Cultivar B,Argiloso,Irrigado,20.6,1199.4,23.0,5.92,5.41,176.4,4.89,84.8,8.555
TAL-01609,2025,Sudeste,Cultivar A,Argiloso,Sequeiro,83.4,1176.7,18.9,5.8,5.92,248.4,,52.5,6.022
TAL-01808,2021,Sudeste,Cultivar B,Misto,Sequeiro,60.9,755.5,25.8,5.23,5.51,237.0,1.78,60.2,8.312
TAL-01380,2022,Sudeste,Cultivar C,Misto,Sequeiro,10.3,740.6,23.1,10.17,7.23,237.6,,64.7,9.223
TAL-00175,2021,Sul,Cultivar A,Misto,Sequeiro,14.6,874.7,22.8,7.97,5.97,249.2,,52.5,8.575
TAL-00788,2024,Sudeste,Cultivar B,ARGILOSO,Irrigado,83.7,801.9,29.2,8.15,6.33,137.9,5.63,70.1,7.622
TAL-00590,2024,Sul,Cultivar A,Misto,Sequeiro,92.3,1029.9,18.9,7.59,6.38,217.7,3.51,61.7,7.371
TAL-01848,2023,Centro-Oeste,Cultivar B,Arenoso,Sequeiro,97.9,219.1,29.3,6.43,6.17,196.7,4.17,47.6,4.422
TAL-00019,2022,Nordeste,Cultivar B,Arenoso,Irrigado,43.7,1280.3,25.4,5.54,6.25,238.0,1.88,63.2,8.545
TAL-00424,2025,Sul,Cultivar A,ARENOSO,Irrigado,25.2,685.5,21.8,6.14,6.32,139.9,1.99,82.1,8.55
TAL-01353,2023,Sudeste,Cultivar A,Argiloso,Irrigado,54.1,680.4,28.3,5.56,5.58,199.9,1.28,48.0,6.479
TAL-00286,2022,Sudeste,Cultivar A,Arenoso,Sequeiro,90.3,150.0,19.4,6.52,6.52,239.8,,76.2,3.901
TAL-01595,2023,Nordeste,Cultivar A,Argiloso,Sequeiro,39.9,945.2,26.5,8.1,5.52,289.3,5.77,37.3,6.897
TAL-00429,2025,Sul,Cultivar B,Arenoso,Sequeiro,21.6,787.7,23.9,7.35,5.23,198.8,,57.0,9.578
TAL-01761,2025,Sudeste,Cultivar C,Arenoso,Sequeiro,40.4,766.0,,5.27,6.41,166.5,5.86,54.3,6.999
TAL-00756,2022,Sul,Cultivar B,Argiloso,Sequeiro,55.3,829.2,23.9,8.75,5.83,194.3,,85.5,9.607
TAL-00670,2025,Sudeste,Cultivar A,Arenoso,Irrigado,15.4,752.6,27.9,4.74,5.81,162.4,,53.1,7.143
TAL-00032,2023,Norte,Cultivar B,Argiloso,Sequeiro,36.2,894.9,26.1,8.28,5.96,215.7,3.04,68.0,8.91
TAL-00950,2022,Sudeste,Cultivar C,Argiloso,Irrigado,15.9,1159.3,23.3,6.23,6.16,224.2,3.6,67.9,6.669
TAL-00723,2024,Sul,Cultivar A,Arenoso,Sequeiro,38.1,725.1,26.6,8.94,6.46,159.9,5.7,57.2,7.837
TAL-01511,2024,Sul,Cultivar C,Arenoso,Sequeiro,121.7,1104.5,29.1,6.32,6.01,107.9,3.11,91.8,6.446
TAL-00215,2022,Centro-Oeste,Cultivar C,Argiloso,Sequeiro,36.6,926.1,26.2,9.12,,167.1,,48.9,8.581
TAL-00893,2024,Sul,Cultivar B,Argiloso,Sequeiro,11.5,942.4,23.9,6.17,5.52,126.6,0.97,59.7,9.855
TAL-01790,2025,Sul,Cultivar B,Argiloso,Sequeiro,37.2,387.8,28.8,7.33,6.36,109.1,,55.4,7.076
TAL-00327,2024,Nordeste,Cultivar A,Arenoso,Irrigado,39.3,1261.5,22.2,5.87,6.6,230.0,1.68,66.5,6.605
TAL-00561,2022,Sul,Cultivar B,Misto,Sequeiro,31.4,1134.3,23.8,7.99,6.2,152.8,,74.9,9.214
TAL-01121,2024,Centro-Oeste,Cultivar A,Argiloso,Sequeiro,127.8,1397.7,27.1,8.08,4.96,114.8,2.44,65.5,6.722
TAL-00701,2022,Sul,Cultivar B,Misto,Sequeiro,29.0,1076.6,25.8,6.06,4.92,211.9,6.56,74.9,7.912
TAL-01450,2023,Sul,Cultivar C,Argiloso,Sequeiro,15.9,874.7,18.1,7.3,6.93,200.6,4.83,53.7,5.542
TAL-01319,2025,Centro-Oeste,Cultivar A,Argiloso,Sequeiro,19.0,1111.5,,9.79,4.09,246.5,,43.8,8.167
TAL-00342,2024,Norte,Cultivar A,Arenoso,Irrigado,291.1,1232.8,22.3,8.38,5.57,246.1,0.7,38.3,6.693
TAL-00630,2025,Nordeste,Cultivar A,Arenoso,Irrigado,38.9,,28.5,7.83,5.78,121.2,1.54,62.4,7.316
TAL-00148,2022, Centro-Oeste ,Cultivar C,Argiloso,Sequeiro,8.3,793.1,27.1,6.84,5.83,176.9,2.65,55.9,8.145
TAL-01390,2021,Sul,Cultivar A,Misto,Sequeiro,267.8,922.1,25.2,5.9,5.55,213.6,4.35,79.9,7.277
TAL-00361,2022,Norte,Cultivar C,Arenoso,Sequeiro,126.8,926.7,23.4,5.09,5.21,223.6,7.2,63.1,5.805
TAL-00084,2024,Sul,Cultivar A,Arenoso,Sequeiro,22.0,665.8,20.4,9.67,6.3,322.5,1.77,64.4,8.45
TAL-00049,2024,Centro-Oeste,Cultivar A,ARGILOSO,Sequeiro,36.2,1297.3,26.1,8.5,5.57,303.9,1.71,84.3,7.954
TAL-00469,2023,Sul,Cultivar B,Misto,Irrigado,108.5,937.8,27.5,5.63,6.06,111.3,1.63,71.0,9.339
TAL-00156,2025,Centro-Oeste,Cultivar C,Arenoso,Sequeiro,80.1,856.8,26.6,5.84,6.32,156.9,2.65,73.3,7.189
TAL-00807,2021,Centro-Oeste,Cultivar A,Argiloso,Sequeiro,24.3,1006.6,29.7,6.02,6.07,184.9,,56.8,8.096
TAL-01064,2025,Centro-Oeste,Cultivar C,Arenoso,Sequeiro,15.9,705.6,25.3,7.45,5.81,212.8,2.94,76.3,8.237
TAL-01209,2022,Sul,Cultivar A,ARENOSO,Sequeiro,38.4,808.0,19.4,6.58,6.53,212.2,,63.3,7.942
TAL-01413,2022,Nordeste,Cultivar B,Arenoso,Sequeiro,16.7,757.9,28.2,8.53,6.63,139.4,4.41,68.5,7.411
TAL-01211,2025,Centro-Oeste,Cultivar A,Argiloso,Sequeiro,37.5,618.1,26.9,8.63,5.85,185.5,4.5,58.6,7.95
TAL-01642,2021,Sul,Cultivar A,Misto,Irrigado,8.1,1150.9,20.6,7.54,5.4,125.9,,69.6,7.941
TAL-00501,2021,Centro-Oeste,Cultivar A,Arenoso,Irrigado,64.7,925.7,24.5,6.37,5.55,229.8,2.87,70.8,8.898
TAL-01778,2024,Sudeste,Cultivar A,Argiloso,Irrigado,59.5,993.8,19.5,9.13,7.0,179.3,1.57,67.6,7.481
TAL-00180,2023,Centro-Oeste,Cultivar C,Misto,Sequeiro,104.8,346.2,25.1,6.95,5.84,194.2,1.22,68.9,7.372
TAL-01055,2025,Sudeste,Cultivar B,Misto,Sequeiro,69.1,541.1,24.9,7.12,5.97,243.1,,57.4,8.269
TAL-01781,2022,Sul,Cultivar A,Misto,Irrigado,70.7,837.1,24.6,6.85,5.3,137.6,2.68,93.5,7.186
TAL-01844,2024,Norte,Cultivar B,Argiloso,Sequeiro,194.5,481.1,26.6,6.26,5.45,65.8,0.97,70.9,7.195
TAL-01568,2025,Sul,Cultivar A,Arenoso,Sequeiro,15.2,589.7,22.6,5.84,4.79,166.8,,76.2,7.647
TAL-01165,2023,Sul,Cultivar B,Argiloso,Irrigado,9.8,292.9,29.6,10.04,6.28,78.9,4.17,71.5,7.234
TAL-01631,2025,Sudeste,Cultivar A,ARGILOSO,Sequeiro,43.1,641.8,28.6,8.09,5.85,213.6,2.65,56.5,6.788
TAL-00529,2024, Centro-Oeste ,Cultivar C,ARENOSO,Sequeiro,13.2,1135.8,26.6,5.29,5.98,126.0,1.5,74.8,7.043
TAL-00347,2024,Norte,Cultivar C,Misto,Irrigado,19.2,699.2,23.8,6.7,6.22,85.2,4.51,81.1,6.445
TAL-01768,2024,Sul,Cultivar A,Argiloso,Sequeiro,40.0,1098.1,28.1,8.81,7.25,236.2,3.04,76.3,6.948
TAL-01976,2021,Sul,Cultivar A,Arenoso,Irrigado,7.1,1381.5,23.5,7.75,5.94,185.4,0.99,65.3,7.499
TAL-00819,2025,Centro-Oeste,Cultivar A,Argiloso,Sequeiro,14.6,1452.3,19.5,6.88,5.51,184.9,0.77,70.2,6.587
TAL-01988,2025,Centro-Oeste,Cultivar A,Argiloso,Irrigado,54.4,1014.4,23.1,8.46,5.95,215.4,5.86,46.1,8.083
TAL-01620,2024,Sul,Cultivar C,Arenoso,Irrigado,88.1,1144.3,20.7,6.92,5.96,239.0,1.32,57.7,7.054
TAL-00602,2021,Centro-Oeste,Cultivar B,Misto,Sequeiro,52.5,534.7,25.5,5.67,7.45,76.1,2.28,76.2,7.489
TAL-01630,2024,Sudeste,Cultivar A,Arenoso,Irrigado,15.8,382.9,29.2,6.03,7.67,169.4,4.35,68.2,6.463
TAL-00244,2023,Centro-Oeste,Cultivar A,Argiloso,Irrigado,52.5,845.0,25.3,7.15,5.96,171.7,,66.9,8.465
TAL-01456,2021,Sul,Cultivar B,Argiloso,Sequeiro,257.4,1239.2,23.6,4.07,6.01,76.7,4.31,60.4,7.779
TAL-01113,2023,Centro-Oeste,Cultivar B,Misto,Irrigado,148.5,1075.0,,8.02,6.98,211.2,6.43,82.5,8.458
TAL-01487,2024,Norte,Cultivar B,Misto,Sequeiro,52.3,626.9,23.1,5.6,6.36,105.1,2.68,74.5,6.798
TAL-00313,2021,Sul,Cultivar A,Arenoso,Irrigado,30.0,728.9,23.5,6.02,6.13,196.7,2.66,57.1,8.107
TAL-00436,2025,Sul,Cultivar C,ARGILOSO,Sequeiro,179.3,827.0,28.1,8.24,5.42,291.4,4.42,63.6,6.703
TAL-01914,2022,Centro-Oeste,Cultivar A,Arenoso,Irrigado,11.7,460.0,,5.41,6.24,239.5,,67.9,8.716
TAL-00943,2021,Sul,Cultivar C,Argiloso,Sequeiro,22.9,715.5,26.4,6.51,5.48,135.7,1.94,50.8,7.76
TAL-00309,2023,Sul,Cultivar B,Misto,Sequeiro,144.7,625.5,18.5,6.26,5.96,234.4,3.08,53.1,7.39
TAL-00431,2021,Norte,Cultivar C,Arenoso,Sequeiro,16.4,508.1,19.2,4.81,6.06,178.0,1.5,51.8,4.644
TAL-00661,2022,Sul,Cultivar C,Argiloso,Sequeiro,107.1,840.7,,3.82,5.11,325.3,2.41,66.9,7.868
TAL-00371,2023,Centro-Oeste,Cultivar A,Arenoso,Irrigado,45.8,377.8,27.5,6.58,6.71,142.1,5.66,70.2,6.088
TAL-00567,2025,Centro-Oeste,Cultivar A,Misto,Sequeiro,21.9,548.4,22.2,7.55,6.1,192.4,5.16,58.8,7.262
TAL-00989,2021,Sudeste,Cultivar A,Misto,Sequeiro,97.5,603.7,22.1,6.9,6.3,342.6,2.7,62.2,7.931
TAL-00182,2024,Nordeste,Cultivar C,Arenoso,Sequeiro,31.5,687.8,24.0,6.75,6.88,190.5,0.33,67.4,6.532
TAL-00875,2021,Centro-Oeste,Cultivar A,Argiloso,Sequeiro,42.4,843.1,,7.14,6.86,243.4,3.92,82.6,8.656
TAL-00622,2024,Sudeste,Cultivar C,Misto,Sequeiro,83.1,422.1,,8.09,4.55,203.2,2.57,60.1,4.84
TAL-01394,2022,Sul,Cultivar A,Argiloso,Irrigado,16.1,843.0,27.8,7.8,5.89,116.7,5.29,66.6,6.688
TAL-01201,2022,Centro-Oeste,Cultivar B,Arenoso,Sequeiro,210.3,482.2,24.6,5.87,4.73,158.2,5.71,70.7,7.277
TAL-01563,2021,Nordeste,Cultivar C,Arenoso,Sequeiro,8.6,1176.9,21.6,6.51,6.58,169.4,,58.1,6.454
TAL-01432,2022,Centro-Oeste,Cultivar B,Argiloso,Sequeiro,25.0,497.4,21.7,7.79,5.79,195.8,,69.5,9.03
TAL-01855,2021,Nordeste,Cultivar B,Arenoso,Sequeiro,112.0,1134.9,25.5,6.7,6.05,195.8,2.63,79.8,7.89
TAL-00931,2024,Sudeste,Cultivar B,Misto,Sequeiro,191.7,803.6,24.2,8.06,5.95,116.8,2.09,56.9,9.373
TAL-01081,2023,Sul,Cultivar A,Arenoso,Irrigado,116.1,993.5,25.5,6.07,5.58,174.3,2.51,51.8,8.256
TAL-00297,2024,Norte,Cultivar B,Argiloso,Irrigado,68.0,1192.3,22.6,5.21,5.23,259.0,1.84,53.9,8.704
TAL-00910,2022,Sudeste,Cultivar B,Arenoso,Sequeiro,87.1,602.9,24.8,7.12,6.03,180.6,2.16,78.9,7.988
TAL-00462,2024,Sul,Cultivar B,Argiloso,Irrigado,127.1,793.3,34.2,9.41,7.09,145.5,,87.4,4.523
TAL-01565,2024,Centro-Oeste,Cultivar C,Misto,Sequeiro,37.9,,23.3,3.25,5.52,201.8,2.26,69.1,6.672
TAL-01575,2021,Sul,Cultivar A,ARENOSO,Sequeiro,40.0,513.8,26.0,9.08,5.25,250.9,5.64,105.9,5.964
TAL-00378,2025,Sudeste,Cultivar B,ARENOSO,Irrigado,30.7,885.1,27.1,8.77,5.72,183.6,3.01,76.6,8.481
TAL-00799,2021,Centro-Oeste,Cultivar B,Misto,Sequeiro,175.6,919.6,20.2,8.67,5.84,268.5,2.33,73.1,9.92
TAL-01111,2025,Sul,Cultivar A,Arenoso,Irrigado,12.7,950.9,23.3,5.12,6.83,174.8,0.2,72.5,7.692
TAL-00106,2021,Centro-Oeste,Cultivar B,Arenoso,Irrigado,76.9,1127.2,26.8,7.47,6.86,52.2,1.72,64.2,8.144
TAL-00127,2023,Sudeste,Cultivar A,Argiloso,Sequeiro,213.9,832.0,22.9,4.61,6.32,246.4,0.3,67.8,9.418
TAL-01133,2023,Sul,Cultivar A,Arenoso,Sequeiro,81.4,785.2,23.4,7.44,6.24,211.4,2.29,39.3,8.116
TAL-01139,2022,Sul,Cultivar B,Arenoso,Irrigado,39.1,1088.5,23.0,6.99,4.88,181.7,2.63,62.6,8.344
TAL-01008,2024,Sudeste,Cultivar A,Argiloso,Sequeiro,23.5,745.6,25.8,6.88,6.17,129.3,,69.8,8.386
TAL-00356,2025,Centro-Oeste,Cultivar B,Argiloso,Sequeiro,8.4,828.6,28.7,7.18,5.49,200.6,3.33,66.1,8.398
TAL-01628,2023,Sul,Cultivar B,Misto,Irrigado,55.5,319.5,31.7,8.15,6.84,174.1,2.56,69.1,6.314
TAL-00683,2025,Sul,Cultivar A,Misto,Sequeiro,17.6,689.0,25.7,5.88,5.48,195.7,,82.6,6.712
TAL-00820,2025,Sul,Cultivar C,Argiloso,Irrigado,27.3,1099.8,27.9,6.77,6.04,196.9,1.14,58.4,7.588
TAL-00880,2023,Centro-Oeste,Cultivar A,Argiloso,Sequeiro,38.8,717.7,22.7,7.38,5.65,90.9,2.42,69.4,8.565
TAL-00210,2025,Centro-Oeste,Cultivar A,Arenoso,Irrigado,35.9,435.5,28.5,7.72,6.29,337.4,2.96,61.2,7.365
TAL-01830,2023,Sudeste,Cultivar B,Misto,Sequeiro,88.1,986.5,30.6,7.98,6.35,157.4,1.43,64.0,7.204
TAL-00141,2022,Sudeste,Cultivar C,Argiloso,Sequeiro,29.4,833.4,,9.39,5.93,157.2,,58.5,8.039
TAL-01448,2023,Centro-Oeste,Cultivar B,Argiloso,Sequeiro,177.7,1175.9,28.1,6.52,6.75,207.0,3.81,66.2,8.853
TAL-01430,2025,Sudeste,Cultivar C,Argiloso,Irrigado,25.5,1052.8,27.6,7.63,5.45,94.5,2.49,65.0,6.676
TAL-01925,2021,Sul,Cultivar A,Argiloso,Irrigado,194.7,871.6,23.5,6.0,6.38,197.7,3.76,63.3,7.642
TAL-01930,2023,Sudeste,Cultivar C,Arenoso,Irrigado,44.6,974.8,24.6,7.28,,270.1,0.56,68.4,7.513
TAL-01104,2024,Nordeste,Cultivar B,Argiloso,Sequeiro,30.1,1305.0,21.4,5.9,6.47,91.9,,71.8,6.457
TAL-01978,2025,Norte,Cultivar A,Arenoso,Irrigado,9.1,,26.0,8.95,5.56,154.8,7.35,69.7,6.01
TAL-01478,2024,Norte,Cultivar C,Argiloso,Sequeiro,67.7,959.0,23.3,8.31,5.96,181.3,2.4,63.0,7.145
TAL-00712,2021,Centro-Oeste,Cultivar A,Arenoso,Irrigado,46.9,1014.3,27.2,5.79,5.99,209.4,1.05,68.0,8.464
TAL-01304,2024,Sul,Cultivar C,Arenoso,Sequeiro,27.7,742.5,19.4,6.99,6.42,223.2,2.23,49.7,6.25
TAL-00942,2021,Nordeste,Cultivar A,Arenoso,Sequeiro,43.0,574.7,25.5,8.2,6.2,138.6,4.89,49.0,6.541
TAL-00980,2024,Sul,Cultivar C,Misto,Irrigado,9.5,808.6,29.1,6.89,6.39,167.7,,72.4,6.523
TAL-00011,2025,Sudeste,Cultivar A,Arenoso,Irrigado,7.1,1231.4,25.9,6.41,5.74,256.5,3.84,60.3,7.186
TAL-01736,2024,Centro-Oeste,Cultivar C,Misto,Sequeiro,51.4,864.1,18.2,7.37,6.64,233.6,3.36,51.4,7.201
TAL-01132,2024,Centro-Oeste,Cultivar C,Arenoso,Irrigado,30.5,817.4,27.2,6.75,6.11,289.1,4.61,69.7,7.784
TAL-00283,2023,Sul,Cultivar A,Argiloso,Sequeiro,30.8,668.8,29.2,4.77,,106.6,6.61,79.3,5.367
TAL-00811,2025,Sul,Cultivar A,Argiloso,Sequeiro,40.5,1128.3,26.8,8.17,5.66,244.5,,77.1,8.159
TAL-01465,2025,Centro-Oeste,Cultivar B,Arenoso,Irrigado,27.9,1051.0,28.8,7.33,6.67,174.2,2.64,64.8,8.68
TAL-00292,2025,Sul,Cultivar B,Arenoso,Irrigado,49.9,1043.6,20.4,7.45,5.8,172.4,,53.2,8.811
TAL-00755,2021,Centro-Oeste,Cultivar C,Misto,Sequeiro,14.0,1106.4,,7.78,6.03,193.1,2.37,75.0,7.353
TAL-00627,2022,Centro-Oeste,Cultivar B,Misto,Sequeiro,23.2,666.2,24.7,7.24,5.97,278.3,3.1,55.2,9.522
TAL-00953,2022,Sul,Cultivar A,Arenoso,Sequeiro,103.5,606.6,23.6,7.2,6.01,109.5,2.5,83.9,6.776
TAL-00870,2024,Sul,Cultivar A,Argiloso,Sequeiro,78.5,391.6,28.4,6.14,6.17,112.7,2.47,71.1,5.397
TAL-00130,2023,Centro-Oeste,Cultivar A,Misto,Sequeiro,144.7,1187.0,28.4,9.21,6.53,177.6,3.03,61.4,7.809
TAL-01673,2025,Centro-Oeste,Cultivar A,Argiloso,Irrigado,4.7,1007.6,31.5,9.7,6.1,156.3,0.58,85.2,6.398
TAL-00844,2024,Sudeste,Cultivar A,Argiloso,Sequeiro,122.2,693.5,18.6,4.99,6.47,239.1,4.62,56.9,6.658
TAL-00324,2025,Centro-Oeste,Cultivar A,Arenoso,Sequeiro,44.1,755.9,25.3,7.7,5.19,179.6,3.19,60.1,7.752
TAL-01325,2023, Sudeste ,Cultivar B,Arenoso,Irrigado,8.9,994.7,29.5,5.37,5.17,117.4,4.05,79.3,5.937
TAL-01421,2021,Centro-Oeste,Cultivar C,Argiloso,Sequeiro,54.0,1134.5,29.8,3.76,5.34,179.6,4.72,73.3,5.652
TAL-01782,2023,Centro-Oeste,Cultivar C,Misto,Sequeiro,136.0,576.4,24.3,4.4,6.17,202.3,2.65,55.2,7.93
TAL-01879,2022,Centro-Oeste,Cultivar A,Argiloso,Irrigado,12.3,1189.4,21.5,8.37,6.85,185.9,,70.3,7.729
TAL-00874,2025,Sudeste,Cultivar A,Argiloso,Sequeiro,17.1,1094.4,31.9,9.78,6.41,133.8,3.11,77.2,5.328
TAL-01602,2022,Sul,Cultivar A,Arenoso,Irrigado,20.2,681.0,24.1,7.15,6.4,187.8,3.04,68.5,9.472
TAL-00696,2023,Centro-Oeste,Cultivar A,Argiloso,Sequeiro,381.1,1043.2,23.2,5.08,5.16,152.5,2.33,57.0,7.967
TAL-00216,2021,Centro-Oeste,Cultivar A,Arenoso,Sequeiro,86.4,796.1,26.6,9.59,6.0,284.4,3.12,69.8,9.514
TAL-01377,2025,Centro-Oeste,Cultivar A,Arenoso,Sequeiro,18.5,1180.1,26.7,5.78,6.23,215.4,3.0,76.8,8.108
TAL-01271,2021,Norte,Cultivar C,Misto,Irrigado,36.7,1487.9,19.8,6.36,5.28,329.7,4.99,68.7,4.367
TAL-00159,2022,Centro-Oeste,Cultivar A,ARGILOSO,Sequeiro,115.7,827.4,27.4,9.65,6.88,120.4,1.52,73.2,8.32
TAL-01340,2022,Sudeste,Cultivar B,Arenoso,Irrigado,74.3,427.3,23.7,5.73,6.44,158.4,1.49,62.9,8.267
TAL-00354,2022,Centro-Oeste,Cultivar B,Arenoso,Sequeiro,17.8,1005.2,22.7,8.15,,147.0,1.06,57.5,9.341
TAL-00842,2021,Centro-Oeste,Cultivar A,Argiloso,Irrigado,29.1,925.8,25.2,7.26,5.86,157.8,3.16,64.9,8.32
TAL-00635,2021,Sul,Cultivar B,Argiloso,Irrigado,10.0,1058.1,20.9,6.16,,226.5,,55.6,9.325
TAL-00517,2025,Sudeste,Cultivar A,Argiloso,Irrigado,42.3,998.1,16.5,7.92,6.34,228.5,,65.5,5.952
TAL-01690,2022,Sudeste,Cultivar A,Misto,Sequeiro,61.7,923.7,26.3,6.68,5.44,224.3,2.06,52.9,6.758
TAL-01532,2024,Sul,Cultivar A,Misto,Sequeiro,75.1,1669.2,23.1,6.65,5.91,156.4,,72.0,6.354
TAL-00598,2024,Centro-Oeste,Cultivar A,Arenoso,Sequeiro,38.1,565.4,,6.98,6.33,190.7,2.72,69.6,7.976
TAL-00196,2023, Sul ,Cultivar C,Argiloso,Sequeiro,33.8,,23.2,8.07,6.68,167.3,6.82,45.0,6.798
TAL-01655,2025, Norte ,Cultivar A,Arenoso,Sequeiro,10.8,1127.4,21.3,4.55,5.0,192.1,2.7,49.8,5.145
TAL-01647,2023,Sudeste,Cultivar A,Argiloso,Sequeiro,90.0,698.1,23.2,5.16,6.91,190.9,2.75,63.2,7.877
TAL-00411,2024,Centro-Oeste,Cultivar B,Argiloso,Sequeiro,9.9,1139.2,22.9,8.21,5.38,249.2,,80.6,9.617
TAL-00097,2021,Sudeste,Cultivar A,Argiloso,Sequeiro,40.7,847.5,20.6,6.8,5.62,83.9,1.57,58.7,6.891
TAL-01010,2021,Sudeste,Cultivar B,Argiloso,Sequeiro,57.0,1075.8,24.9,7.99,6.49,205.2,0.95,61.3,9.472
TAL-01938,2022,Centro-Oeste,Cultivar B,Argiloso,Sequeiro,17.3,709.1,27.5,6.96,6.88,267.5,3.01,69.0,9.115
TAL-00157,2025,Sudeste,Cultivar A,Misto,Sequeiro,72.4,1529.5,29.2,9.06,5.48,103.1,4.43,50.5,4.651
TAL-00420,2021,Nordeste,Cultivar C,Argiloso,Irrigado,34.1,1027.8,26.4,4.62,6.22,207.5,1.51,52.6,6.198
TAL-01817,2021,Centro-Oeste,Cultivar A,Arenoso,Sequeiro,65.1,516.6,25.1,6.75,5.7,216.5,,63.2,7.725
TAL-00478,2023,Centro-Oeste,Cultivar A,Arenoso,Sequeiro,37.6,789.5,21.8,7.53,6.87,142.4,0.8,58.6,8.341
TAL-01870,2025,Nordeste,Cultivar A,Arenoso,Irrigado,69.7,629.2,25.0,6.88,5.95,207.9,8.17,67.5,6.845
TAL-00669,2024,Sudeste,Cultivar B,Misto,Sequeiro,20.7,753.3,20.9,7.24,6.06,226.3,4.42,77.5,8.925
TAL-01814,2021,Sul,Cultivar A,Argiloso,Sequeiro,8.3,612.1,26.4,7.44,5.52,222.1,,46.1,7.407
TAL-01911,2021,Sul,Cultivar B,Misto,Irrigado,85.0,,19.7,10.09,5.69,173.7,4.02,83.3,8.097
TAL-01730,2025,Sudeste,Cultivar B,Arenoso,Sequeiro,153.3,1102.3,26.2,7.12,6.78,202.9,3.22,69.2,8.364
TAL-00448,2024,Centro-Oeste,Cultivar A,Argiloso,Sequeiro,37.3,782.4,30.5,6.81,5.58,183.9,2.59,59.1,6.535
TAL-00554,2024,Nordeste,Cultivar C,ARGILOSO,Sequeiro,77.4,903.3,21.4,8.12,5.47,254.5,2.13,71.1,6.437
TAL-00179,2023,Nordeste,Cultivar A,Argiloso,Sequeiro,25.9,900.7,23.1,7.32,6.03,107.3,,80.8,6.861
TAL-00391,2024,Centro-Oeste,Cultivar B,Arenoso,Sequeiro,81.9,1100.4,21.4,7.95,4.95,85.9,2.79,70.9,8.139
TAL-00579,2024,Nordeste,Cultivar A,Argiloso,Irrigado,23.6,1022.9,25.2,6.69,,80.8,,77.9,6.285
TAL-01865,2021,Centro-Oeste,Cultivar C,Argiloso,Irrigado,42.9,660.7,25.6,5.97,5.11,201.4,5.31,57.4,8.15
TAL-01720,2021,Nordeste,Cultivar A,Arenoso,Sequeiro,89.8,985.0,25.6,8.17,6.92,49.5,,64.9,6.942
TAL-01371,2025,Sul,Cultivar C,Arenoso,Sequeiro,52.8,1029.2,32.5,4.88,5.9,208.7,1.09,57.6,4.046
TAL-01656,2025,Sudeste,Cultivar A,Arenoso,Irrigado,46.5,1109.5,21.1,9.86,6.35,112.9,2.51,55.9,8.175
TAL-00907,2023,Sudeste,Cultivar C,Misto,Irrigado,6.2,749.8,24.3,7.72,6.33,91.3,1.52,71.7,8.005
TAL-00821,2023,Sul,Cultivar A,Argiloso,Irrigado,38.7,1248.5,21.8,9.5,5.69,227.6,4.53,55.8,7.951
TAL-01839,2025,Centro-Oeste,Cultivar B,Argiloso,Irrigado,13.8,1148.2,29.1,4.23,6.57,168.9,1.37,59.9,8.397
TAL-00994,2023,Sul,Cultivar B,Argiloso,Sequeiro,50.7,425.5,21.3,8.92,5.87,185.3,0.55,55.4,9.083
TAL-01056,2025,Centro-Oeste,Cultivar A,Arenoso,Sequeiro,58.5,971.0,24.1,3.99,6.01,191.1,1.31,48.0,8.074
TAL-00665,2021,Sudeste,Cultivar A,Argiloso,Sequeiro,20.0,581.2,19.6,9.05,5.88,103.7,,47.7,7.021
TAL-00143,2022,Norte,Cultivar B,Arenoso,Sequeiro,19.5,881.0,24.1,6.61,6.28,262.9,2.83,43.3,8.153
TAL-01636,2021,Sudeste,Cultivar A,Argiloso,Sequeiro,55.5,832.8,24.1,6.72,6.28,170.7,6.35,57.4,7.283
TAL-01733,2025,Centro-Oeste,Cultivar B,Argiloso,Sequeiro,56.6,1166.0,24.6,6.46,5.21,149.8,3.84,53.3,8.403
TAL-00865,2021,Sul,Cultivar A,Argiloso,Sequeiro,610.1,1450.8,27.0,10.01,6.35,166.6,4.45,60.0,7.553
TAL-00422,2025,Sul,Cultivar A,Arenoso,Sequeiro,25.9,1239.4,22.5,5.09,5.9,85.5,,56.0,6.428
TAL-00637,2022,Centro-Oeste,Cultivar A,Arenoso,Sequeiro,26.1,874.6,25.8,7.73,5.95,109.1,3.35,81.9,7.778
TAL-01484,2024,Sul,Cultivar B,Argiloso,Irrigado,59.1,723.0,27.7,9.06,6.35,114.7,3.89,66.5,8.384
TAL-00800,2023,Centro-Oeste,Cultivar B,Misto,Sequeiro,12.8,966.4,22.9,6.71,6.49,171.6,2.94,65.0,10.203
TAL-01074,2024,Norte,Cultivar B,Argiloso,Sequeiro,139.4,945.6,25.5,5.91,5.69,213.2,1.0,46.5,8.787
TAL-00616,2024, Centro-Oeste ,Cultivar A,Arenoso,Sequeiro,24.4,787.4,27.0,5.35,,131.5,,57.1,7.314
TAL-00295,2024,Nordeste,Cultivar A,Misto,Sequeiro,53.4,885.4,20.2,5.4,6.4,141.6,1.9,82.5,5.991
TAL-00932,2022,Sudeste,Cultivar A,Argiloso,Irrigado,20.6,1166.1,28.3,6.43,5.62,192.3,,68.4,6.597
TAL-00938,2021,Sul,Cultivar A,Argiloso,Sequeiro,5.4,1437.6,27.3,8.21,5.91,115.4,,74.2,6.614
TAL-01918,2023,Centro-Oeste,Cultivar B,Misto,Sequeiro,22.0,964.7,20.5,7.03,7.08,210.8,4.43,110.0,6.548
TAL-00089,2023,Sul,Cultivar B,Arenoso,Sequeiro,55.2,930.5,23.8,7.0,6.16,177.4,1.74,64.5,9.144
TAL-00042,2023,Nordeste,Cultivar B,Misto,Sequeiro,20.0,1563.7,23.8,6.66,5.42,126.6,3.59,62.5,5.171
TAL-01816,2022,Centro-Oeste,Cultivar A,Misto,Sequeiro,74.7,404.7,28.2,7.67,6.48,274.1,1.47,84.2,6.297
TAL-01949,2024,Sul,Cultivar C,Argiloso,Sequeiro,204.7,1061.1,22.6,7.69,6.53,277.8,4.82,81.4,7.5
TAL-00132,2025,Norte,Cultivar B,Argiloso,Sequeiro,11.1,1183.3,23.8,6.24,5.64,141.4,3.42,53.0,6.909
TAL-01011,2023,Centro-Oeste,Cultivar A,Arenoso,Sequeiro,30.4,852.1,,8.27,6.31,123.3,3.52,82.2,8.912
TAL-00999,2025,Norte,Cultivar C,Argiloso,Irrigado,83.8,1464.9,20.5,7.14,6.64,118.6,3.43,63.9,5.202
TAL-01512,2023,Sul,Cultivar B,Argiloso,Sequeiro,29.1,510.8,23.4,6.84,5.3,166.1,4.72,59.4,8.554
TAL-01869,2022,Centro-Oeste,Cultivar B,Arenoso,Sequeiro,7.0,1172.6,26.3,9.0,7.18,293.1,,46.7,9.326
TAL-01354,2024,Sudeste,Cultivar A,Argiloso,Sequeiro,27.8,198.5,23.3,7.15,6.0,243.6,0.89,45.5,7.618
TAL-01510,2021,Centro-Oeste,Cultivar A,Argiloso,Sequeiro,49.3,1177.9,,7.0,5.5,221.2,4.09,74.1,8.281
TAL-00165,2023,Centro-Oeste,Cultivar C,Argiloso,Irrigado,55.6,760.1,21.1,6.84,6.17,2546.0,,69.4,8.215
TAL-00725,2023,Sul,Cultivar A,Arenoso,Sequeiro,31.0,967.6,24.9,8.61,5.58,226.8,2.11,60.9,9.2
TAL-00291,2024,Nordeste,Cultivar C,Arenoso,Irrigado,52.1,830.6,23.8,4.88,7.5,6.0,5.09,68.6,4.664
TAL-01829,2023,Norte,Cultivar C,ARGILOSO,Irrigado,11.6,651.5,,6.72,5.62,162.3,,56.4,6.481
TAL-01547,2024,Sul,Cultivar A,Misto,Sequeiro,32.6,412.2,18.6,9.79,6.38,177.9,5.34,55.4,6.338
TAL-01912,2024,Sul,Cultivar A,Arenoso,Sequeiro,44.1,1211.9,25.3,7.61,6.51,166.8,1.95,66.7,7.946
TAL-01028,2025,Sudeste,Cultivar C,Arenoso,Sequeiro,26.0,789.3,26.5,5.32,6.35,336.1,3.11,81.7,6.865
TAL-01792,2021,Sudeste,Cultivar A,Argiloso,Sequeiro,115.5,750.9,29.0,6.03,5.08,290.4,2.42,69.7,7.072
TAL-00779,2025,Centro-Oeste,Cultivar A,Arenoso,Sequeiro,70.6,607.7,24.9,6.8,4.93,219.3,2.59,72.6,8.725
TAL-00840,2024,Centro-Oeste,Cultivar A,Arenoso,Irrigado,53.7,631.9,26.1,8.98,5.86,318.8,3.82,58.3,8.964
TAL-00349,2021,Centro-Oeste,Cultivar A,Argiloso,Sequeiro,23.6,810.4,19.9,7.16,6.47,222.2,5.26,72.1,7.139
TAL-01960,2022,Centro-Oeste,Cultivar A,Arenoso,Irrigado,10.8,1180.2,19.0,6.66,6.4,182.4,3.62,60.3,6.96
TAL-00572,2025,Nordeste,Cultivar B,Misto,Sequeiro,78.4,709.4,21.7,6.5,5.99,194.3,2.23,83.7,7.998
TAL-00918,2022,Sul,Cultivar C,Argiloso,Irrigado,9.9,,23.6,8.33,5.33,220.5,,67.5,7.999
TAL-00986,2024,Norte,Cultivar A,Arenoso,Sequeiro,163.1,,28.6,5.68,5.38,127.3,1.34,76.2,6.455
TAL-01902,2022,Sul,Cultivar C,Arenoso,Sequeiro,29.6,1259.5,24.4,7.02,7.0,226.8,1.4,60.6,7.851
TAL-01777,2021,Centro-Oeste,Cultivar B,Argiloso,Sequeiro,49.2,883.4,24.0,4.83,5.63,102.9,2.09,77.7,8.502
TAL-01603,2024,Centro-Oeste,Cultivar B,Misto,Sequeiro,15.8,1283.5,23.2,4.96,5.55,154.2,0.47,62.9,8.929
TAL-01327,2023,Sudeste,Cultivar A,Argiloso,Irrigado,45.0,1040.1,23.2,7.09,6.38,41.8,5.78,79.5,6.719
TAL-01859,2023,Sul,Cultivar B,Argiloso,Irrigado,29.9,625.6,,6.33,6.61,325.2,,69.3,8.44
TAL-00137,2024, Norte ,Cultivar A,Argiloso,Irrigado,9.9,1049.4,24.9,5.42,5.32,34.3,,72.5,6.475
TAL-00459,2024,Centro-Oeste,Cultivar A,Arenoso,Sequeiro,11.8,795.9,29.3,6.93,7.3,185.5,,65.1,7.096
TAL-00376,2024,Sul,Cultivar A,Arenoso,Sequeiro,40.3,536.4,20.1,7.87,6.3,195.6,3.96,70.3,6.462
TAL-01352,2023,Nordeste,Cultivar A,Misto,Sequeiro,16.3,771.6,17.6,7.31,5.59,237.9,4.52,74.3,4.781
TAL-00334,2024,Nordeste,Cultivar A,Argiloso,Sequeiro,30.3,559.1,29.1,6.17,5.69,155.1,6.59,77.9,4.308
TAL-01316,2025,Centro-Oeste,Cultivar A,Argiloso,Sequeiro,47.1,506.4,25.2,5.85,6.43,197.7,,71.0,7.647
TAL-01344,2022,Centro-Oeste,Cultivar A,Argiloso,Sequeiro,17.3,1263.3,21.7,5.49,5.92,39.1,4.76,57.3,5.892
TAL-01774,2024,Nordeste,Cultivar C,Argiloso,Irrigado,120.0,474.6,20.7,8.8,6.3,197.9,2.7,67.3,6.838
TAL-01469,2024,Centro-Oeste,Cultivar A,Argiloso,Irrigado,14.9,508.6,21.8,5.69,6.13,127.4,,48.3,7.477
TAL-00817,2025,Nordeste,Cultivar A,Arenoso,Sequeiro,67.3,1513.6,29.1,8.68,7.12,259.9,0.96,49.4,4.159
TAL-01436,2024,Norte,Cultivar B,Arenoso,Sequeiro,38.7,866.5,25.5,5.61,5.86,100.0,3.49,69.1,7.648
TAL-01672,2025,Centro-Oeste,Cultivar B,Misto,Sequeiro,56.0,,19.7,6.89,6.3,191.3,4.55,78.6,8.161
TAL-01871,2021,Sudeste,Cultivar A,Argiloso,Sequeiro,41.8,720.9,,6.5,5.19,134.5,2.35,60.8,7.606
TAL-00985,2024,Sul,Cultivar A,Arenoso,Sequeiro,11.9,814.9,23.4,5.14,4.54,271.0,2.52,74.2,7.667
TAL-01927,2024,Sudeste,Cultivar B,MISTO,Sequeiro,17.9,454.9,21.8,6.32,5.75,165.9,3.24,70.3,7.345
TAL-00911,2023, Centro-Oeste ,Cultivar B,ARENOSO,Irrigado,34.3,514.5,29.4,6.32,5.05,180.8,0.45,73.0,8.427
TAL-01945,2022,Nordeste,Cultivar A,ARENOSO,Sequeiro,39.0,1401.5,27.6,8.75,5.15,218.3,0.55,63.8,6.484
TAL-01134,2024,Centro-Oeste,Cultivar A,Argiloso,Sequeiro,17.8,1098.2,24.4,5.99,6.42,134.2,3.84,49.3,8.034
TAL-00329,2025,Centro-Oeste,Cultivar B,Misto,Sequeiro,26.5,923.1,,4.84,6.76,276.3,0.54,67.7,9.157
TAL-01922,2023,Sudeste,Cultivar C,Arenoso,Sequeiro,134.8,884.8,18.7,5.73,5.72,111.2,2.0,70.2,6.189
TAL-00319,2022,Sudeste,Cultivar A,Misto,Sequeiro,34.4,799.1,21.9,7.36,,56.6,3.15,71.0,7.829
TAL-01541,2025,Nordeste,Cultivar C,Misto,Irrigado,85.9,1112.1,19.5,6.13,6.12,67.4,3.09,66.8,4.759
TAL-01369,2024,Sul,Cultivar A,MISTO,Irrigado,28.4,1024.0,24.7,9.18,6.91,223.4,,74.7,8.757
TAL-01746,2025,Centro-Oeste,Cultivar B,ARENOSO,Sequeiro,33.5,574.8,29.2,6.55,,42.1,4.37,50.8,5.829
TAL-00168,2025,Nordeste,Cultivar A,Argiloso,Sequeiro,35.1,779.6,27.3,7.25,5.5,306.8,,58.5,6.162
TAL-00013,2024,Centro-Oeste,Cultivar A,Misto,Sequeiro,30.3,472.0,,4.25,6.24,288.8,5.89,79.4,7.153
TAL-01942,2022,Sudeste,Cultivar A,Argiloso,Sequeiro,33.9,553.8,28.6,9.03,5.01,181.8,,66.1,7.299
TAL-00172,2024,Centro-Oeste,Cultivar A,Argiloso,Sequeiro,61.1,1095.2,26.3,6.45,6.49,194.0,,61.3,7.929
TAL-00650,2024,Sul,Cultivar C,Argiloso,Sequeiro,4.5,890.0,30.2,5.17,6.61,253.5,1.53,69.8,6.777
TAL-01069,2024,Sul,Cultivar B,Arenoso,Sequeiro,74.5,900.8,24.2,8.55,6.37,220.2,2.01,51.4,8.63
TAL-00261,2023,Sul,Cultivar B,Misto,Irrigado,58.2,762.8,19.6,7.54,6.37,209.0,,84.8,8.497
TAL-01222,2022,Sul,Cultivar C,Argiloso,Sequeiro,65.3,985.0,23.7,6.02,6.53,281.3,1.96,83.9,8.423
TAL-01420,2025,Norte,Cultivar C,Argiloso,Sequeiro,18.3,810.4,21.3,6.56,5.88,216.1,,60.1,7.125
TAL-00902,2025,Sul,Cultivar C,Arenoso,Sequeiro,19.7,690.0,24.7,7.53,6.69,181.5,0.39,69.1,7.893
TAL-00673,2025,Norte,Cultivar A,Arenoso,Sequeiro,171.4,1026.2,20.9,6.26,6.06,265.3,4.21,60.1,6.738
TAL-00259,2024,Sul,Cultivar A,Misto,Sequeiro,8.7,1634.0,23.5,8.25,5.29,109.9,0.55,51.7,6.36
TAL-00845,2025,Sul,Cultivar A,Argiloso,Sequeiro,27.4,876.7,25.6,9.41,6.43,137.7,0.88,76.5,8.574
TAL-00868,2023,Centro-Oeste,Cultivar B,Arenoso,Sequeiro,14.8,667.7,28.0,6.95,6.67,161.4,4.28,77.5,8.171
TAL-01203,2023,Nordeste,Cultivar C,Arenoso,Sequeiro,4.4,593.9,21.2,8.53,6.18,242.2,,55.2,6.719
TAL-00139,2024,Centro-Oeste,Cultivar B,Argiloso,Sequeiro,111.0,433.2,19.0,5.96,,145.7,2.19,62.5,7.454
TAL-00894,2022,Sul,Cultivar B,Arenoso,Sequeiro,86.5,828.4,18.8,9.16,5.94,229.0,3.75,75.1,8.715
TAL-01852,2024,Nordeste,Cultivar A,Misto,Irrigado,39.4,741.9,22.7,8.21,5.79,160.2,4.7,70.0,6.93
TAL-00550,2024,Sudeste,Cultivar A,Arenoso,Sequeiro,66.9,650.8,21.4,6.15,6.63,160.2,1.47,63.0,7.432
TAL-00320,2023,Norte,Cultivar C,Argiloso,Sequeiro,7.5,570.5,24.2,4.56,,212.3,4.22,71.8,5.956
TAL-01538,2022,Centro-Oeste,Cultivar B,Argiloso,Irrigado,26.2,1100.6,17.2,5.29,5.48,170.4,,76.0,7.301
TAL-01245,2023,Sudeste,Cultivar A,Argiloso,Sequeiro,21.8,711.9,25.0,4.87,6.02,100.9,3.36,59.2,6.096
TAL-01186,2025,Nordeste,Cultivar A,Misto,Sequeiro,20.6,692.0,15.2,8.65,5.95,263.1,0.75,61.8,4.259
TAL-00559,2022,Centro-Oeste,Cultivar A,Arenoso,Irrigado,26.5,1401.4,20.0,7.45,6.05,129.4,,76.6,5.552
TAL-00140,2022,Sul,Cultivar C,Misto,Sequeiro,12.1,837.5,22.6,6.8,5.23,58.7,,76.0,7.269
TAL-01748,2025,Centro-Oeste,Cultivar C,Misto,Sequeiro,16.5,1019.0,26.1,7.83,6.04,237.2,2.14,61.6,8.14
TAL-00532,2021,Centro-Oeste,Cultivar B,Arenoso,Irrigado,66.4,934.6,24.4,9.9,6.48,228.8,1.2,80.8,10.01
TAL-00225,2022,Sudeste,Cultivar C,Arenoso,Sequeiro,68.5,791.4,22.8,8.26,6.44,101.7,0.74,58.3,7.54
TAL-00724,2024,Norte,Cultivar A,Argiloso,Sequeiro,12.9,1028.8,23.9,8.83,5.69,181.0,1.77,76.4,7.633
TAL-00787,2024,Nordeste,Cultivar B,Arenoso,Sequeiro,15.9,1191.9,25.1,5.38,6.43,150.4,1.54,65.5,7.638
TAL-01731,2022,Norte,Cultivar C,Arenoso,Irrigado,35.9,1025.2,25.3,6.48,6.1,257.1,5.44,74.7,6.998
TAL-01683,2025,Centro-Oeste,Cultivar A,Arenoso,Sequeiro,16.8,705.2,27.0,6.95,6.66,200.7,,61.2,7.551
TAL-00410,2024,Norte,Cultivar C,Arenoso,Sequeiro,53.4,1244.3,23.9,5.8,5.84,291.0,0.57,60.5,6.402
TAL-00326,2022,Centro-Oeste,Cultivar C,Argiloso,Sequeiro,73.7,1001.0,16.6,5.92,6.39,78.5,3.37,63.5,4.593
TAL-01107,2022,Sul,Cultivar A,Arenoso,Sequeiro,26.5,651.1,27.8,6.0,6.28,199.3,2.33,50.1,8.121
TAL-00300,2023,Centro-Oeste,Cultivar B,Argiloso,Irrigado,42.0,751.4,26.9,6.55,6.33,142.9,2.66,75.9,8.59
TAL-01272,2024,Sudeste,Cultivar B,Misto,Irrigado,14.1,1367.5,27.0,8.97,4.38,139.4,,74.1,6.598
TAL-01526,2024,Sul,Cultivar A,Misto,Sequeiro,118.7,,22.9,5.32,5.53,215.3,2.25,45.9,7.479
TAL-00026,2023,Sul,Cultivar A,Misto,Irrigado,34.2,,21.5,7.6,6.09,172.5,4.71,70.4,7.831
TAL-01873,2024,Norte,Cultivar A,Arenoso,Sequeiro,209.0,947.9,31.0,6.3,5.83,119.9,2.45,68.0,6.069
TAL-00715,2021,Centro-Oeste,Cultivar C,Argiloso,Sequeiro,18.0,981.4,,5.46,5.75,266.5,1.26,47.7,7.303
TAL-01019,2024,Sul,Cultivar A,ARGILOSO,Sequeiro,191.8,880.1,27.0,6.78,6.73,105.6,4.66,44.3,7.349
TAL-00194,2025,Nordeste,Cultivar A,Misto,Sequeiro,65.9,1239.4,24.3,7.67,7.22,131.7,1.12,69.8,7.374
TAL-00441,2024,Nordeste,Cultivar C,Arenoso,Sequeiro,31.6,657.5,20.6,9.85,6.44,81.0,2.88,83.4,6.115
TAL-00574,2023,Centro-Oeste,Cultivar C,Argiloso,Sequeiro,153.4,1106.9,22.5,6.79,5.87,204.8,2.92,65.6,7.907
TAL-00947,2021,Centro-Oeste,Cultivar A,Argiloso,Irrigado,42.2,676.5,23.8,6.05,6.08,300.1,1.89,65.8,9.672
TAL-00998,2023,Sul,Cultivar A,Argiloso,Sequeiro,50.1,670.4,27.1,6.03,5.72,166.3,6.49,65.5,6.988
TAL-00504,2024,Centro-Oeste,Cultivar C,Argiloso,Irrigado,22.7,422.6,22.9,5.6,5.1,88.1,4.7,68.5,6.248
TAL-00606,2023,Centro-Oeste,Cultivar A,Arenoso,Sequeiro,262.0,658.6,26.9,4.65,6.66,105.6,2.16,76.5,7.36
TAL-01888,2025,Sul,Cultivar C,Arenoso,Sequeiro,38.0,629.6,20.5,6.45,5.87,122.1,0.47,61.7,7.57
TAL-01899,2024,Sul,Cultivar A,Argiloso,Irrigado,27.9,399.6,29.7,7.49,7.04,244.1,2.55,66.8,7.063
TAL-01801,2021,Centro-Oeste,Cultivar A,Argiloso,Sequeiro,72.5,1377.3,19.6,9.84,5.37,99.2,3.85,69.6,6.154
TAL-00847,2025,Sudeste,Cultivar A,Arenoso,Sequeiro,67.4,880.1,28.7,8.05,5.97,161.5,3.04,85.3,7.045
TAL-00004,2021,Centro-Oeste,Cultivar B,Arenoso,Sequeiro,23.9,741.0,22.0,4.35,6.11,184.3,3.93,49.7,9.213
TAL-01158,2021,Sul,Cultivar A,Argiloso,Irrigado,49.7,293.7,27.8,6.59,5.85,177.2,1.15,50.4,7.86
TAL-01231,2021,Sul,Cultivar A,Misto,Sequeiro,67.1,1042.0,24.0,6.29,6.48,60.7,4.46,46.2,6.437
TAL-00468,2023,Norte,Cultivar B,Argiloso,Irrigado,43.6,828.6,21.6,7.62,5.7,76.1,2.54,64.0,7.616
TAL-00322,2024, Sudeste ,Cultivar A,Argiloso,Sequeiro,11.6,954.5,18.9,6.85,5.24,117.3,,46.9,6.065
TAL-00006,2024,Norte,Cultivar C,Arenoso,Sequeiro,30.1,680.0,26.1,7.67,6.23,112.4,1.96,79.8,6.26
TAL-01385,2023,Norte,Cultivar A,Arenoso,Sequeiro,52.3,904.9,,9.0,6.56,251.2,1.7,88.2,7.799
TAL-00548,2024,Sul,Cultivar A,Arenoso,Sequeiro,113.0,890.0,22.6,8.06,5.29,93.8,1.71,56.3,7.23
TAL-00229,2025,Centro-Oeste,Cultivar A,Argiloso,Sequeiro,39.5,1117.7,24.1,9.6,,158.3,1.66,80.9,8.876
TAL-00543,2022,Nordeste,Cultivar A,Misto,Irrigado,20.3,998.5,24.0,6.93,5.57,186.6,,56.2,6.886
TAL-00243,2025,Sul,Cultivar A,Argiloso,Sequeiro,30.8,976.6,17.0,5.82,6.39,188.2,2.69,67.4,6.029
TAL-00899,2022,Sul,Cultivar B,Misto,Sequeiro,24.4,637.0,26.0,7.72,5.47,179.2,0.48,72.0,9.422
TAL-01477,2024,Sudeste,Cultivar C,Arenoso,Sequeiro,5.3,1197.5,28.6,7.85,4.64,229.9,4.61,78.0,5.011
TAL-01555,2021,Sul,Cultivar A,Argiloso,Irrigado,179.9,1169.4,27.9,5.34,6.62,112.7,2.52,52.0,5.964
TAL-01305,2021,Nordeste,Cultivar B,Arenoso,Sequeiro,146.7,1233.0,24.4,6.26,6.43,227.9,2.64,57.7,8.16
TAL-00843,2021,Centro-Oeste,Cultivar A,Arenoso,Irrigado,7.7,715.8,29.1,7.08,5.8,203.2,2.64,58.7,9.063
TAL-01429,2024,Centro-Oeste,Cultivar C,Misto,Sequeiro,21.4,701.7,34.1,6.92,5.69,120.1,,71.1,3.458
TAL-01876,2023,Centro-Oeste,Cultivar A,Argiloso,Sequeiro,14.2,577.1,23.1,9.33,5.27,126.3,1.03,58.5,8.58
TAL-01985,2024,Centro-Oeste,Cultivar A,Argiloso,Irrigado,16.2,1224.8,22.7,5.71,5.08,217.1,,59.9,7.434
TAL-00662,2022,Nordeste,Cultivar A,Misto,Irrigado,93.7,674.4,25.9,7.77,5.99,83.2,2.26,51.1,7.448
TAL-01633,2022,Centro-Oeste,Cultivar B,Argiloso,Irrigado,96.6,471.4,17.8,5.89,5.76,101.3,3.32,75.5,6.778
TAL-00315,2022,Sudeste,Cultivar A,Arenoso,Irrigado,41.2,574.4,18.4,6.29,5.74,173.9,1.94,55.2,6.675
TAL-00692,2022,Nordeste,Cultivar A,Arenoso,Sequeiro,55.3,805.7,,6.81,5.87,168.9,1.24,44.4,7.192
TAL-01515,2022,Nordeste,Cultivar C,Arenoso,Irrigado,15.2,1015.5,25.2,6.99,6.36,235.4,0.88,58.9,6.995
TAL-00425,2023,Centro-Oeste,Cultivar C,Argiloso,Sequeiro,54.9,903.8,22.5,6.54,5.84,207.0,4.19,57.2,8.461
TAL-00595,2021,Sul,Cultivar A,Arenoso,Irrigado,41.7,1068.1,20.8,8.01,5.53,244.6,3.74,69.3,6.86
TAL-01979,2021,Centro-Oeste,Cultivar A,Arenoso,Irrigado,8.5,999.2,28.9,7.04,6.58,172.9,,80.0,8.113
TAL-00623,2022,Norte,Cultivar A,Argiloso,Sequeiro,30.6,1085.8,22.0,6.5,6.17,228.4,2.7,56.8,7.517
TAL-01179,2025,Sul,Cultivar A,Argiloso,Irrigado,34.6,985.8,22.5,7.53,7.04,230.5,0.25,76.3,9.423
TAL-01051,2021,Centro-Oeste,Cultivar C,Arenoso,Irrigado,25.6,605.3,23.1,7.71,4.96,150.5,2.16,54.7,8.196
TAL-00228,2022,Centro-Oeste,Cultivar A,Arenoso,Sequeiro,34.6,866.5,26.3,8.17,7.78,262.5,,86.8,7.066
TAL-01126,2025,Centro-Oeste,Cultivar A,Arenoso,Irrigado,36.9,756.9,29.3,9.2,5.5,280.5,1.53,65.6,7.925
TAL-01341,2021,Sul,Cultivar A,Arenoso,Sequeiro,113.8,1078.6,23.4,6.15,5.84,203.6,3.61,67.6,8.014
TAL-01106,2024,Centro-Oeste,Cultivar B,Argiloso,Sequeiro,6.9,601.3,23.9,6.94,6.38,88.6,,65.9,8.766
TAL-00067,2021,Centro-Oeste,Cultivar B,Arenoso,Sequeiro,10.4,871.6,29.9,4.85,7.51,174.4,2.71,73.9,6.928
TAL-00025,2022,Centro-Oeste,Cultivar A,Misto,Irrigado,7.3,774.5,23.4,7.29,6.59,178.4,2.73,27.8,7.133
TAL-00145,2024,Sudeste,Cultivar A,Argiloso,Sequeiro,54.5,809.6,23.3,7.21,5.36,223.4,2.46,90.5,8.172
TAL-00537,2021,Centro-Oeste,Cultivar B,Argiloso,Sequeiro,74.8,1340.5,21.1,6.96,6.29,298.9,2.69,49.5,8.873
TAL-00812,2025,Sul,Cultivar C,Argiloso,Sequeiro,61.7,848.9,25.5,7.05,6.7,115.2,4.4,56.1,7.597
TAL-01558,2024,Sudeste,Cultivar C,Arenoso,Sequeiro,27.0,1074.8,,4.76,5.58,373.8,2.57,67.8,7.356
TAL-00086,2025,Sul,Cultivar A,Misto,Irrigado,57.3,721.6,24.9,7.46,6.37,215.2,,71.3,9.249
TAL-01318,2022,Sul,Cultivar A,Misto,Irrigado,20.4,693.2,25.0,7.13,5.2,141.5,3.92,45.4,8.06
TAL-01190,2024,Centro-Oeste,Cultivar A,Argiloso,Irrigado,40.0,861.7,29.3,4.17,6.22,249.2,3.58,52.8,6.99
TAL-01819,2023,Sudeste,Cultivar B,Argiloso,Irrigado,17.9,1195.1,26.4,6.34,6.21,177.4,,61.6,8.482
TAL-01832,2022,Norte,Cultivar B,Arenoso,Irrigado,40.1,701.8,19.9,5.24,5.67,326.8,,51.9,7.648
TAL-01779,2024,Sudeste,Cultivar B,Argiloso,Sequeiro,71.0,793.6,23.1,7.31,6.54,155.7,3.46,63.9,9.356
TAL-01880,2023,Centro-Oeste,Cultivar A,Arenoso,Irrigado,10.2,182.6,27.8,4.78,6.19,151.9,3.15,58.6,6.466
TAL-00363,2023,Sul,Cultivar A,Argiloso,Sequeiro,34.0,428.2,23.1,5.74,5.25,182.4,2.92,46.1,6.865
TAL-01623,2025,Nordeste,Cultivar A,Argiloso,Sequeiro,10.5,1034.4,25.1,5.92,5.92,255.4,,70.2,7.077
TAL-01161,2022,Sul,Cultivar C,Misto,Sequeiro,42.4,1060.5,22.2,7.08,5.56,178.1,,56.7,7.948
TAL-01027,2024,Norte,Cultivar A,Argiloso,Sequeiro,12.0,988.3,23.1,4.65,5.46,217.3,,56.9,7.534
TAL-01031,2022,Centro-Oeste,Cultivar B,Arenoso,Sequeiro,101.0,1686.9,30.6,7.31,6.02,156.6,2.82,79.9,3.333
TAL-01226,2025,Nordeste,Cultivar C,Argiloso,Sequeiro,59.4,1061.6,27.6,4.12,5.57,241.2,1.38,58.8,5.116
TAL-01365,2024,Sudeste,Cultivar A,Misto,Sequeiro,11.2,922.3,23.1,3.93,6.31,181.0,0.54,61.3,8.899
TAL-01095,2022,Centro-Oeste,Cultivar A,Misto,Irrigado,106.7,497.2,25.0,7.45,6.02,189.8,3.96,70.1,8.227
TAL-00666,2024,Centro-Oeste,Cultivar C,ARGILOSO,Irrigado,7.1,1050.4,21.0,5.23,6.28,245.1,,61.3,7.649
TAL-00365,2024,Centro-Oeste,Cultivar B,Argiloso,Irrigado,13.1,,26.9,5.33,6.14,173.1,4.67,70.8,9.014
TAL-00078,2022,Centro-Oeste,Cultivar A,Argiloso,Sequeiro,119.7,611.7,26.9,6.07,6.19,190.6,5.1,54.5,7.215
TAL-00028,2024,Sul,Cultivar A,Argiloso,Sequeiro,61.7,1232.0,24.5,7.61,7.69,96.4,2.95,68.6,7.452
TAL-01447,2024,Nordeste,Cultivar B,Misto,Sequeiro,9.2,1171.1,22.7,7.52,6.54,244.2,0.7,65.4,8.946
TAL-00526,2025,Sudeste,Cultivar A,Argiloso,Irrigado,42.8,931.3,26.2,7.99,5.99,226.2,5.54,73.2,7.183
TAL-01849,2023,Sudeste,Cultivar A,Arenoso,Sequeiro,47.7,769.7,20.5,8.78,5.59,205.5,2.24,64.5,8.236
TAL-00056,2024,Centro-Oeste,Cultivar A,Misto,Sequeiro,32.9,827.8,,5.72,6.34,179.5,0.49,78.1,7.798
TAL-00639,2023,Centro-Oeste,Cultivar C,Arenoso,Irrigado,41.6,953.2,23.8,8.27,5.59,343.0,,70.4,7.833
TAL-00303,2022,Centro-Oeste,Cultivar A,Misto,Sequeiro,41.4,339.7,25.0,4.74,6.5,314.8,4.83,78.0,6.369
TAL-00719,2023,Centro-Oeste,Cultivar A,Argiloso,Sequeiro,100.8,572.7,20.5,8.34,6.63,194.3,2.0,59.0,8.01
TAL-00625,2023,Norte,Cultivar B,Arenoso,Sequeiro,19.5,828.8,24.5,6.13,6.09,261.8,,80.2,8.459
TAL-00008,2025,Centro-Oeste,Cultivar A,Arenoso,Irrigado,13.0,1037.6,17.1,7.47,6.32,65.9,3.0,80.8,6.194
TAL-00804,2022,Centro-Oeste,Cultivar B,Argiloso,Sequeiro,26.1,966.8,21.1,8.65,5.54,162.2,0.99,55.9,9.393
TAL-01050,2023,Sul,Cultivar A,Misto,Sequeiro,94.8,756.7,24.0,6.69,5.34,136.8,4.01,70.9,7.866
TAL-00337,2025,Sul,Cultivar C,Arenoso,Sequeiro,6.6,1044.3,26.7,6.33,4.79,199.7,2.28,68.8,6.56
TAL-00048,2025,Sudeste,Cultivar B,Arenoso,Sequeiro,63.0,643.4,23.6,6.11,6.86,115.7,2.28,79.0,8.065
TAL-01491,2023,Sul,Cultivar B,Arenoso,Irrigado,110.1,723.4,23.3,7.03,5.02,114.1,1.22,64.6,9.484
TAL-00107,2022,Sudeste,Cultivar B,Argiloso,Irrigado,7.3,1300.7,23.0,8.19,6.39,191.1,2.14,64.7,9.903
TAL-00350,2021,Sul,Cultivar A,Misto,Irrigado,277.1,1087.9,22.5,7.01,5.39,179.7,2.66,61.3,8.223
TAL-01080,2022,Sudeste,Cultivar A,Argiloso,Irrigado,43.9,985.3,28.9,4.42,4.95,185.2,2.18,46.4,7.204
TAL-00239,2024,Sul,Cultivar A,ARGILOSO,Irrigado,8.9,1151.0,26.6,9.31,5.99,141.4,3.68,58.7,8.134
TAL-00214,2024,Nordeste,Cultivar A,Arenoso,Sequeiro,15.3,571.0,22.5,4.64,6.6,243.9,3.43,59.3,6.542
TAL-01262,2021,Sudeste,Cultivar B,Argiloso,Irrigado,16.0,1122.0,22.1,8.57,4.9,213.2,3.17,74.4,8.744
TAL-01147,2022,Centro-Oeste,Cultivar B,Misto,Sequeiro,12.3,284.3,25.4,8.93,5.03,356.8,1.33,66.1,7.965
TAL-00794,2024,Sul,Cultivar C,Misto,Sequeiro,19.2,1183.5,25.4,7.32,5.97,227.0,5.47,59.9,7.589
TAL-01097,2023,Sul,Cultivar A,Argiloso,Sequeiro,13.5,729.3,25.8,7.35,5.88,321.6,,65.5,8.673
TAL-00057,2024,Sudeste,Cultivar C,Arenoso,Sequeiro,577.2,,22.6,7.51,6.36,171.5,,68.3,6.765
TAL-01594,2024,Sudeste,Cultivar A,Arenoso,Irrigado,13.9,942.0,24.2,5.83,5.78,231.9,4.95,63.1,8.42
TAL-01685,2021,Sul,Cultivar A,Argiloso,Sequeiro,14.9,867.3,20.7,7.08,5.28,230.1,0.22,71.0,7.938
TAL-00524,2023,Centro-Oeste,Cultivar B,Misto,Sequeiro,89.8,1211.7,18.2,6.64,6.53,138.3,,66.8,7.363
TAL-00233,2025,Norte,Cultivar A,Argiloso,Irrigado,82.2,915.7,24.2,6.96,5.52,293.0,2.37,55.2,7.802
TAL-00645,2022,Centro-Oeste,Cultivar A,Arenoso,Sequeiro,107.1,884.0,24.8,5.5,4.47,134.0,1.61,56.9,8.01
TAL-01519,2022,Sul,Cultivar B,Arenoso,Sequeiro,59.7,1151.4,22.8,3.98,5.88,261.3,2.3,53.9,9.363
TAL-00534,2025,Centro-Oeste,Cultivar A,Argiloso,Sequeiro,10.8,788.1,29.4,8.2,5.49,229.3,1.05,54.2,7.701
TAL-01520,2021,Sul,Cultivar B,Argiloso,Sequeiro,132.5,996.1,19.8,5.3,6.18,146.1,3.68,71.9,8.414
TAL-00604,2025,Centro-Oeste,Cultivar B,Argiloso,Sequeiro,10.7,1038.9,29.6,7.35,5.19,273.2,,74.2,7.977
TAL-01443,2024,Sul,Cultivar A,Misto,Irrigado,64.9,782.0,18.9,8.41,5.78,326.0,5.15,71.7,7.486
TAL-01075,2024,Nordeste,Cultivar C,Misto,Irrigado,17.5,479.7,23.2,7.13,6.47,108.0,,71.3,6.902
TAL-01314,2024,Sul,Cultivar B,Argiloso,Sequeiro,25.0,966.8,26.2,6.7,6.27,54.2,4.27,57.7,8.881
TAL-00061,2024,Centro-Oeste,Cultivar C,Misto,Sequeiro,25.8,1118.8,20.5,5.52,5.93,195.1,4.27,40.7,5.856
TAL-01273,2025,Sudeste,Cultivar B,MISTO,Sequeiro,48.5,1235.1,22.6,7.85,6.77,179.3,2.76,79.0,8.603
TAL-00093,2022,Sudeste,Cultivar B,Misto,Sequeiro,6.7,1001.9,20.5,5.07,6.22,203.9,,54.8,8.236
TAL-00667,2023,Nordeste,Cultivar C,Misto,Irrigado,20.0,723.7,19.1,7.38,6.01,253.8,2.49,57.9,6.304
TAL-00281,2023, Sul ,Cultivar A,Arenoso,Irrigado,58.4,939.1,26.9,8.09,4.94,195.7,2.74,56.3,8.642
TAL-01122,2025,Sul,Cultivar A,Arenoso,Sequeiro,26.0,929.8,24.4,8.86,7.4,235.9,1.41,65.7,8.976
TAL-00360,2022,Centro-Oeste,Cultivar A,Argiloso,Sequeiro,111.0,911.1,22.6,5.71,6.25,124.7,1.05,61.4,7.927
TAL-01754,2021,Nordeste,Cultivar B,Misto,Irrigado,74.5,893.7,18.9,7.86,5.57,88.4,0.9,74.8,6.957
TAL-01178,2023,Sudeste,Cultivar A,Arenoso,Irrigado,38.0,1202.1,25.7,7.19,6.5,204.2,5.65,73.9,6.82
TAL-00848,2024,Centro-Oeste,Cultivar A,Argiloso,Sequeiro,11.9,,26.3,3.82,6.17,129.8,4.71,71.9,6.968
TAL-01388,2025,Sudeste,Cultivar C,Arenoso,Sequeiro,12.4,1186.2,27.3,7.62,6.0,73.5,3.67,68.4,6.426
TAL-00111,2022,Sudeste,Cultivar B,Arenoso,Sequeiro,142.2,910.7,26.1,6.25,5.75,230.4,1.92,73.3,9.225
TAL-00043,2025,Centro-Oeste,Cultivar B,Arenoso,Irrigado,9.5,799.2,23.2,6.94,5.89,146.8,,75.8,9.318
TAL-00126,2023,Sudeste,Cultivar A,Arenoso,Sequeiro,63.3,311.3,26.3,7.23,6.38,260.2,3.06,90.5,5.354
TAL-00205,2022,Sul,Cultivar A,Argiloso,Sequeiro,5.3,1184.6,22.6,8.0,6.12,188.4,,77.7,9.091
TAL-00053,2025,Centro-Oeste,Cultivar A,Argiloso,Irrigado,11.1,850.8,23.6,6.39,5.49,178.1,,68.5,8.758
TAL-00546,2023,Sudeste,Cultivar A,Arenoso,Irrigado,14.8,443.0,23.1,5.2,6.28,73.8,3.66,69.5,7.768
TAL-00069,2021,Sul,Cultivar A,Misto,Sequeiro,26.0,950.0,25.4,7.4,5.93,157.2,2.83,74.6,8.675
TAL-01145,2021,Sudeste,Cultivar C,Arenoso,Irrigado,61.0,748.2,16.0,4.98,5.24,236.5,,76.3,5.007
TAL-01559,2023,Centro-Oeste,Cultivar B,Argiloso,Irrigado,23.1,332.0,23.0,9.52,5.08,179.1,2.21,72.6,8.972
TAL-00184,2021,Sudeste,Cultivar A,ARGILOSO,Irrigado,74.9,1007.6,24.9,8.08,5.4,128.7,4.14,64.8,8.365
TAL-00138,2021,Sudeste,Cultivar B,Misto,Sequeiro,34.7,812.3,22.2,7.56,5.36,186.3,5.04,74.6,7.407
TAL-00900,2022, Centro-Oeste ,Cultivar A,MISTO,Irrigado,191.6,856.7,19.0,5.63,6.62,145.2,1.84,71.0,7.462
TAL-00797,2023,Sul,Cultivar B,Arenoso,Irrigado,22.1,574.0,20.8,7.43,5.88,214.7,2.07,60.1,9.139
TAL-00133,2025,Centro-Oeste,Cultivar C,Argiloso,Irrigado,45.8,926.4,24.9,6.71,5.85,152.2,,64.3,7.581
TAL-00081,2022,Centro-Oeste,Cultivar A,Argiloso,Sequeiro,36.1,708.3,22.8,9.78,6.52,159.8,7.22,62.0,8.277
TAL-01494,2024,Centro-Oeste,Cultivar B,Arenoso,Sequeiro,44.8,757.9,25.8,5.91,6.56,67.6,,63.8,8.235
TAL-01552,2021,Sudeste,Cultivar B,Arenoso,Irrigado,7.2,818.9,22.4,6.01,6.21,267.7,1.92,78.8,9.629
TAL-00542,2021,Centro-Oeste,Cultivar A,ARENOSO,Sequeiro,31.7,1217.8,23.2,7.6,5.9,277.0,2.32,60.4,9.311
TAL-01607,2023,Norte,Cultivar A,Arenoso,Irrigado,5.0,401.7,22.1,3.49,6.93,221.6,3.4,51.3,5.513
TAL-00984,2025,Sudeste,Cultivar B,ARENOSO,Irrigado,34.6,845.7,25.5,5.68,5.39,210.3,,75.6,9.068
TAL-00166,2024,Sudeste,Cultivar A,Arenoso,Irrigado,45.2,643.9,26.8,6.8,6.68,121.3,0.37,62.1,8.169
TAL-00249,2023,Sudeste,Cultivar A,Arenoso,Sequeiro,82.6,434.7,18.2,6.77,6.13,213.3,4.9,75.8,5.611
TAL-00447,2023,Norte,Cultivar A,Argiloso,Irrigado,23.7,775.3,23.9,6.18,5.21,237.6,,63.8,6.618
TAL-01334,2024,Norte,Cultivar A,Arenoso,Irrigado,20.9,842.9,29.4,8.69,6.36,229.1,,71.5,6.552
TAL-00859,2022,Sudeste,Cultivar B,Arenoso,Sequeiro,31.9,1247.0,27.2,8.13,6.11,58.4,,68.7,7.305
TAL-01395,2024,Nordeste,Cultivar B,Argiloso,Irrigado,104.4,953.5,26.7,6.97,6.18,172.1,1.65,77.4,7.918
TAL-00098,2023,Sul,Cultivar A,ARGILOSO,Sequeiro,6.2,1168.4,25.1,6.48,5.11,218.0,1.45,74.9,8.508
TAL-01989,2022,Norte,Cultivar C,MISTO,Irrigado,12.5,955.2,18.2,7.43,5.6,166.7,,60.2,5.324
TAL-00738,2022,Sudeste,Cultivar B,Arenoso,Sequeiro,43.3,773.6,25.1,6.04,6.38,273.0,4.71,58.1,9.589
TAL-01824,2023,Centro-Oeste,Cultivar A,Arenoso,Sequeiro,58.7,418.1,25.3,8.6,,50.2,1.71,64.3,7.426
TAL-00103,2024,Sul,Cultivar C,Argiloso,Irrigado,45.1,802.1,24.0,6.88,6.26,177.8,4.83,72.5,8.164
TAL-00435,2024,Sul,Cultivar B,Argiloso,Sequeiro,4.2,433.3,20.7,7.92,5.59,224.2,,48.3,8.984
TAL-00075,2025,Sul,Cultivar A,Arenoso,Irrigado,59.5,1277.4,16.1,6.78,5.09,280.9,0.9,67.0,4.969
TAL-01806,2025,Centro-Oeste,Cultivar A,Argiloso,Irrigado,28.3,778.6,23.9,8.29,6.88,177.4,2.34,64.9,8.799
TAL-01339,2024,Nordeste,Cultivar A,Misto,Sequeiro,32.8,,23.9,5.45,6.34,171.1,0.15,64.5,7.81
TAL-00919,2025,Sudeste,Cultivar A,Misto,Sequeiro,24.1,848.3,19.2,7.04,5.76,172.8,0.65,68.9,7.517
TAL-00066,2022,Centro-Oeste,Cultivar C,MISTO,Irrigado,24.8,814.5,23.7,9.37,5.57,215.1,4.65,70.2,7.94
TAL-01684,2022,Sudeste,Cultivar A,Argiloso,Irrigado,17.9,1200.3,24.4,6.99,6.82,274.3,3.11,90.8,7.053
TAL-01766,2023,Sul,Cultivar B,Argiloso,Sequeiro,16.4,765.5,25.7,5.71,5.99,185.4,4.61,74.7,8.718
TAL-00763,2022,Sul,Cultivar A,Misto,Irrigado,25.4,986.3,23.8,9.07,5.73,15.6,2.18,59.2,8.096
TAL-00990,2023,Centro-Oeste,Cultivar B,Arenoso,Sequeiro,15.5,1087.4,28.2,7.69,6.37,203.6,,72.0,8.472
TAL-00389,2023,Sul,Cultivar B,Argiloso,Irrigado,47.2,449.6,23.9,7.29,6.23,242.9,3.55,39.1,8.702
TAL-00236,2021,Nordeste,Cultivar C,Arenoso,Sequeiro,77.2,947.4,23.6,9.3,5.66,111.6,1.69,64.4,6.332
TAL-01518,2023,Norte,Cultivar A,Arenoso,Irrigado,92.1,,24.0,10.31,4.8,191.7,1.75,56.7,8.252
TAL-00268,2022,Sul,Cultivar B,Misto,Irrigado,14.2,847.0,26.4,5.38,5.76,220.9,1.71,75.8,8.491
TAL-01803,2024,Sul,Cultivar A,Misto,Sequeiro,54.9,766.2,18.2,8.84,5.2,79.5,,53.7,6.102
TAL-00118,2022,Centro-Oeste,Cultivar A,Misto,Sequeiro,21.9,958.8,29.6,8.31,6.48,213.7,2.64,59.3,7.396
TAL-01618,2021,Centro-Oeste,Cultivar A,Misto,Irrigado,104.9,744.5,28.5,7.44,5.44,176.7,2.35,81.8,7.05
TAL-00674,2022,Centro-Oeste,Cultivar A,Arenoso,Sequeiro,7.7,1350.1,26.0,6.57,5.4,172.7,1.12,70.1,6.959
TAL-00250,2021,Sudeste,Cultivar A,Misto,Sequeiro,12.8,886.1,28.0,7.31,5.92,208.1,3.26,62.7,7.486
TAL-01464,2022,Sudeste,Cultivar A,Argiloso,Irrigado,4.7,1120.6,22.8,8.4,6.26,251.1,0.44,59.3,8.499
TAL-01324,2024,Centro-Oeste,Cultivar C,Arenoso,Irrigado,34.5,1171.8,29.9,6.44,6.52,208.3,4.19,66.5,5.307
TAL-00095,2021,Sudeste,Cultivar C,Arenoso,Irrigado,58.2,1132.2,23.2,6.03,6.2,240.8,,68.0,7.517
TAL-00034,2022,Sudeste,Cultivar A,Argiloso,Sequeiro,51.8,730.3,22.4,7.56,5.69,209.8,2.37,68.1,8.277
TAL-01475,2023,Centro-Oeste,Cultivar B,Argiloso,Sequeiro,28.1,616.0,21.3,7.92,6.29,102.1,0.23,62.4,8.391
TAL-01681,2024,Centro-Oeste,Cultivar B,Misto,Irrigado,21.9,904.8,29.0,6.49,6.15,293.0,2.69,53.4,9.043
TAL-00449,2021,Sul,Cultivar B,Argiloso,Irrigado,7.0,887.5,27.9,6.5,6.61,128.1,3.56,58.7,8.352
TAL-00717,2022,Centro-Oeste,Cultivar B,Arenoso,Irrigado,173.4,841.8,25.3,8.25,6.92,78.2,4.9,60.8,8.882
TAL-01274,2024,Centro-Oeste,Cultivar B,Misto,Sequeiro,86.7,693.5,31.3,9.02,5.63,213.4,3.11,63.2,7.238
TAL-01959,2023,Nordeste,Cultivar A,Argiloso,Sequeiro,33.7,578.8,24.5,7.91,6.69,214.7,1.92,68.1,7.406
TAL-00001,2024,Centro-Oeste,Cultivar C,Argiloso,Sequeiro,6.7,876.4,22.4,6.22,5.4,151.3,,74.9,7.879
TAL-01386,2023,Sul,Cultivar B,Misto,Irrigado,8.6,908.9,23.4,5.43,5.65,169.8,3.46,58.7,9.49
TAL-01102,2023,Sudeste,Cultivar A,Arenoso,Sequeiro,22.8,901.2,26.1,6.66,6.44,227.1,,49.3,7.884
TAL-01109,2025,Norte,Cultivar A,Argiloso,Sequeiro,151.9,1232.3,30.5,6.95,5.72,213.5,3.94,49.0,4.826
TAL-01235,2021,Sul,Cultivar A,Argiloso,Sequeiro,67.0,753.5,23.7,3.39,5.85,236.8,,56.4,8.266
TAL-00083,2021,Nordeste,Cultivar B,Argiloso,Sequeiro,27.6,723.3,22.5,11.19,6.84,237.2,1.5,66.0,9.329
TAL-01951,2021,Norte,Cultivar A,Arenoso,Irrigado,47.0,679.9,21.2,8.57,6.17,191.7,1.49,68.1,8.029
TAL-00677,2025,Nordeste,Cultivar A,Arenoso,Sequeiro,72.9,566.8,29.5,7.23,5.6,157.8,0.65,60.9,5.986
TAL-01462,2021, Centro-Oeste ,Cultivar B,Arenoso,Sequeiro,17.2,953.6,25.3,7.64,5.38,51.9,,50.1,7.983
TAL-01047,2022,Sul,Cultivar A,Arenoso,Sequeiro,14.2,1001.6,23.4,5.2,6.64,284.9,0.76,58.3,7.915
TAL-00771,2021,Sul,Cultivar A,Argiloso,Sequeiro,19.8,891.6,24.4,6.28,6.11,161.3,2.91,53.9,7.925
TAL-01224,2024,Centro-Oeste,Cultivar B,Arenoso,Sequeiro,9.2,937.7,24.1,6.86,6.43,185.4,2.76,51.6,8.589
TAL-01290,2021, Centro-Oeste ,Cultivar A,Argiloso,Sequeiro,9.9,842.8,27.8,8.07,4.35,161.5,3.96,40.6,6.557
TAL-01592,2021,Sul,Cultivar A,Misto,Irrigado,21.0,1477.7,24.2,7.08,6.25,339.7,3.51,65.0,7.523
TAL-01972,2021,Norte,Cultivar A,Arenoso,Sequeiro,150.4,738.5,23.2,7.59,5.97,77.1,4.2,54.5,6.412
TAL-00405,2025,Norte,Cultivar C,Argiloso,Sequeiro,18.2,652.8,24.6,7.48,6.58,136.6,1.47,73.7,5.803
TAL-01741,2023,Sul,Cultivar A,Argiloso,Sequeiro,70.5,,27.1,5.98,5.71,312.3,1.52,67.0,8.917
TAL-01308,2025,Centro-Oeste,Cultivar A,Arenoso,Irrigado,323.4,627.2,22.4,7.48,4.51,147.9,1.36,68.0,8.169
TAL-01711,2025,Centro-Oeste,Cultivar C,Misto,Sequeiro,441.3,745.4,26.0,10.28,5.57,317.0,1.0,76.4,8.218
TAL-00105,2024,Centro-Oeste,Cultivar B,Misto,Sequeiro,23.6,1424.5,22.4,5.19,6.59,113.0,1.28,67.7,8.339
TAL-00689,2021,Centro-Oeste,Cultivar A,Misto,Sequeiro,45.8,1065.2,33.2,8.9,5.08,197.1,3.0,44.1,4.503
TAL-01315,2022,Sul,Cultivar A,Arenoso,Sequeiro,12.1,1395.3,22.2,8.56,5.95,198.8,,63.9,7.394
TAL-00827,2024,Centro-Oeste,Cultivar A,Arenoso,Sequeiro,17.9,343.3,17.2,7.57,5.33,153.6,,82.6,4.405
TAL-00063,2024,Centro-Oeste,Cultivar B,Arenoso,Sequeiro,78.3,328.9,23.4,6.68,6.81,198.3,5.09,62.7,7.538
TAL-00853,2021,Nordeste,Cultivar C,Misto,Irrigado,32.7,696.8,19.7,6.68,5.3,263.2,,67.5,6.684
TAL-01363,2024,Centro-Oeste,Cultivar B,Arenoso,Irrigado,9.2,1060.0,28.3,5.1,5.45,174.1,0.83,56.5,8.821
TAL-00224,2025,Norte,Cultivar A,Arenoso,Sequeiro,22.7,1105.3,17.5,7.88,5.34,293.1,,68.0,5.419
TAL-00146,2024,Sul,Cultivar C,Arenoso,Irrigado,54.0,963.3,24.2,8.47,5.26,269.9,5.38,71.7,7.424
TAL-01089,2023,Sudeste,Cultivar B,Misto,Sequeiro,65.8,784.8,21.3,7.09,5.77,125.8,2.62,54.6,8.575
TAL-00374,2023,Sudeste,Cultivar A,Arenoso,Irrigado,43.6,641.8,22.4,5.93,6.8,149.1,4.77,79.5,7.506
TAL-01818,2021, Sudeste ,Cultivar A,Arenoso,Irrigado,7.7,746.9,25.1,5.82,5.67,293.8,1.85,60.2,8.691
TAL-01143,2022,Nordeste,Cultivar C,Arenoso,Irrigado,51.1,835.8,26.3,5.6,6.53,178.6,1.03,61.8,7.053
TAL-01841,2024,Sul,Cultivar B,Argiloso,Irrigado,66.3,951.6,26.6,4.31,6.16,185.3,,77.8,8.043
TAL-01506,2024,Centro-Oeste,Cultivar B,Argiloso,Irrigado,32.8,1205.4,29.8,10.43,6.23,121.2,4.19,61.5,7.86
TAL-01613,2024,Centro-Oeste,Cultivar B,Arenoso,Irrigado,57.6,329.9,25.7,5.9,6.75,118.3,0.93,40.9,7.529
TAL-01574,2024, Nordeste ,Cultivar A,Misto,Sequeiro,10.6,999.5,22.6,5.11,5.86,170.2,4.74,49.4,6.573
TAL-00010,2024,Sudeste,Cultivar B,Argiloso,Irrigado,8.4,914.3,24.7,5.44,,108.3,,75.1,7.123
TAL-00450,2025,Centro-Oeste,Cultivar B,Arenoso,Irrigado,55.4,762.6,24.8,6.72,5.98,243.2,5.84,66.7,9.121
TAL-00709,2021,Sudeste,Cultivar A,Arenoso,Sequeiro,163.2,862.2,21.6,5.26,5.81,93.8,1.88,75.0,7.692
TAL-00256,2022,Centro-Oeste,Cultivar B,Arenoso,Irrigado,112.6,1019.3,28.0,5.53,7.32,254.8,3.63,68.2,8.26
TAL-00883,2024,Norte,Cultivar B,Argiloso,Sequeiro,77.3,603.7,27.4,5.95,5.35,178.6,4.55,55.0,6.502
TAL-00390,2024,Nordeste,Cultivar A,Argiloso,Sequeiro,33.0,606.6,20.5,7.03,5.78,161.6,1.97,60.4,6.735
TAL-00909,2023,Sul,Cultivar C,Argiloso,Irrigado,54.3,464.3,23.1,3.97,5.75,156.3,3.64,82.2,7.443
TAL-00925,2023,Sul,Cultivar A,Argiloso,Sequeiro,143.4,567.1,,5.7,5.5,188.3,8.25,63.8,6.997
TAL-01717,2022,Sudeste,Cultivar B,Misto,Sequeiro,10.6,1145.5,23.1,7.91,6.23,130.1,4.61,52.9,8.424
TAL-01241,2022,Nordeste,Cultivar C,Arenoso,Sequeiro,48.5,667.6,22.4,6.4,5.56,110.5,1.26,62.0,5.746
TAL-00461,2025,Centro-Oeste,Cultivar C,Argiloso,Sequeiro,46.4,704.5,25.1,8.22,6.52,134.4,6.92,55.9,7.586
TAL-01279,2022,Nordeste,Cultivar A,Arenoso,Sequeiro,44.5,836.6,22.4,8.42,6.67,145.9,3.9,81.1,6.986
TAL-01714,2025,Nordeste,Cultivar B,Argiloso,Sequeiro,51.1,983.3,24.8,7.05,5.68,155.1,2.21,50.8,8.061
TAL-01169,2022,Nordeste,Cultivar A,Arenoso,Sequeiro,23.1,1053.9,,10.77,6.1,206.3,,80.7,7.68
TAL-00959,2021,Sudeste,Cultivar A,Argiloso,Sequeiro,32.8,890.7,24.8,6.7,5.57,156.3,3.59,61.3,7.748
TAL-00502,2025,Nordeste,Cultivar B,Argiloso,Sequeiro,23.4,840.7,27.1,6.98,5.25,196.9,,74.8,7.475
TAL-00740,2024,Sudeste,Cultivar B,ARGILOSO,Sequeiro,114.7,830.6,16.5,4.76,5.87,234.7,5.35,60.3,6.057
TAL-01864,2025,Centro-Oeste,Cultivar A,Argiloso,Sequeiro,10.0,903.5,23.8,9.08,5.74,223.6,1.31,66.4,9.796
TAL-00869,2023,Sul,Cultivar C,Argiloso,Sequeiro,180.3,624.8,29.6,6.71,5.88,94.9,1.91,62.2,6.918
TAL-00732,2023,Sul,Cultivar A,Misto,Sequeiro,57.5,767.9,22.1,8.02,5.84,123.0,2.95,59.3,7.357
TAL-00540,2022,Nordeste,Cultivar B,Argiloso,Irrigado,10.3,797.6,26.4,8.22,4.87,235.6,,68.1,8.248
TAL-01202,2025,Centro-Oeste,Cultivar C,Arenoso,Sequeiro,19.6,873.1,22.8,6.53,5.38,192.6,,64.6,7.513
TAL-00698,2023,Centro-Oeste,Cultivar A,ARGILOSO,Sequeiro,68.6,504.9,22.4,8.64,5.58,255.4,3.68,88.6,8.101
TAL-01403,2023,Norte,Cultivar B,Argiloso,Sequeiro,22.0,634.0,20.7,7.9,4.8,210.0,1.55,61.7,8.347
TAL-01387,2025,Centro-Oeste,Cultivar B,ARENOSO,Sequeiro,41.2,1072.1,27.8,7.49,6.89,144.4,2.3,66.5,9.199
TAL-01146,2024,Sudeste,Cultivar B,Misto,Irrigado,100.8,1058.1,28.1,5.69,7.16,240.2,2.78,78.2,7.854
TAL-01032,2025,Centro-Oeste,Cultivar A,Misto,Sequeiro,37.5,1284.3,23.4,7.04,5.87,162.7,3.43,67.8,7.562
TAL-00373,2022,Sudeste,Cultivar A,Argiloso,Irrigado,77.4,931.2,,6.36,,47.3,2.0,69.3,3.729
TAL-00668,2024,Norte,Cultivar A,Arenoso,Sequeiro,17.7,962.9,19.3,8.11,6.4,84.0,2.48,61.7,6.742
TAL-01537,2025,Centro-Oeste,Cultivar A,Arenoso,Sequeiro,55.6,960.4,25.4,8.33,5.65,120.4,3.98,63.8,8.523
TAL-00358,2021,Centro-Oeste,Cultivar B,Arenoso,Irrigado,21.5,1353.2,21.8,7.5,5.8,143.6,1.34,86.7,8.205
TAL-00968,2022,Sul,Cultivar A,Arenoso,Sequeiro,41.9,1407.0,19.2,9.62,5.07,87.5,1.83,60.5,6.358
TAL-00784,2022,Centro-Oeste,Cultivar A,Argiloso,Sequeiro,46.9,1037.7,20.1,6.49,6.98,146.4,5.41,66.4,7.449
TAL-00736,2022,Centro-Oeste,Cultivar A,Argiloso,Irrigado,66.7,884.5,27.5,7.14,6.53,177.6,0.24,58.1,8.824
TAL-01036,2022,Centro-Oeste,Cultivar B,Arenoso,Sequeiro,23.9,688.0,22.7,6.84,5.58,99.1,1.32,71.5,8.475
TAL-00971,2025,Sul,Cultivar A,Argiloso,Irrigado,12.5,805.1,21.4,8.16,6.57,213.1,2.76,70.1,8.731
TAL-01600,2024,Sul,Cultivar A,Argiloso,Sequeiro,23.3,1260.0,26.0,5.76,5.11,177.8,3.39,50.5,6.633
TAL-01498,2021,Centro-Oeste,Cultivar B,Arenoso,Sequeiro,7.9,537.5,19.9,9.81,5.31,60.5,3.79,59.3,7.205
TAL-01703,2025,Sudeste,Cultivar B,Arenoso,Sequeiro,167.9,785.3,25.1,6.49,6.3,200.1,4.74,71.3,8.324
TAL-01360,2021,Sul,Cultivar B,Misto,Irrigado,55.8,624.7,19.6,8.55,5.98,2004.0,5.15,66.4,8.59
TAL-01502,2024,Norte,Cultivar B,Argiloso,Irrigado,67.1,970.4,29.2,5.18,6.68,183.9,1.74,75.9,7.013
TAL-01654,2024, Sul ,Cultivar A,Argiloso,Sequeiro,145.0,1223.3,25.8,6.45,5.94,126.1,2.31,54.7,8.19
TAL-01253,2024,Sul,Cultivar A,Arenoso,Irrigado,37.5,1047.7,24.2,6.38,6.15,228.2,6.16,67.0,8.215
TAL-01707,2024,Sul,Cultivar A,Misto,Sequeiro,29.6,679.3,22.7,8.24,5.65,183.4,2.55,51.7,7.625
TAL-01729,2024,Sul,Cultivar B,Misto,Sequeiro,32.9,802.8,26.9,9.22,6.45,233.6,1.95,60.2,10.094
TAL-01237,2023,Sul,Cultivar C,Arenoso,Sequeiro,16.6,1164.1,28.9,7.04,5.05,204.0,2.5,77.2,5.572
TAL-00886,2022,Sudeste,Cultivar A,Misto,Irrigado,77.3,1048.8,27.9,8.66,5.54,198.6,,65.1,6.264
TAL-00080,2025,Centro-Oeste,Cultivar A,Argiloso,Irrigado,14.6,970.7,29.4,6.76,5.78,187.6,4.23,50.3,7.512
TAL-01173,2021,Sul,Cultivar B,Misto,Irrigado,283.4,830.2,24.0,5.62,5.99,162.9,4.13,44.2,8.329
TAL-00815,2025,Sul,Cultivar A,Argiloso,Sequeiro,145.7,1258.9,16.2,8.4,4.9,199.2,1.36,61.4,6.029
TAL-01909,2022,Nordeste,Cultivar B,Arenoso,Sequeiro,41.8,714.9,21.4,7.99,5.67,131.2,3.29,71.5,8.019
TAL-00672,2023,Centro-Oeste,Cultivar A,Arenoso,Sequeiro,63.9,284.1,24.1,6.7,6.15,158.9,2.42,58.7,6.306
TAL-01543,2023,Sudeste,Cultivar C,Argiloso,Sequeiro,57.5,895.7,24.7,7.8,6.19,240.6,2.09,87.6,7.553
TAL-00058,2022,Centro-Oeste,Cultivar A,Misto,Sequeiro,10.9,1225.7,19.4,6.68,6.46,42.2,1.66,76.0,6.618
TAL-00134,2025,Sudeste,Cultivar C,Argiloso,Sequeiro,96.4,1504.8,19.8,7.41,6.62,156.9,3.32,55.3,5.222
TAL-01141,2023,Sudeste,Cultivar A,Argiloso,Sequeiro,6.0,662.3,27.2,8.89,5.62,213.1,,83.1,6.494
TAL-00934,2025,Centro-Oeste,Cultivar C,Arenoso,Irrigado,14.6,877.4,27.7,8.76,7.32,160.7,,65.6,7.834
TAL-01698,2023,Centro-Oeste,Cultivar A,Misto,Irrigado,12.0,749.9,22.2,4.81,5.41,183.0,,65.3,9.633
TAL-00824,2024,Centro-Oeste,Cultivar C,ARGILOSO,Sequeiro,116.6,1271.0,31.1,6.47,6.24,250.8,,61.5,6.857
TAL-01215,2021,Sul,Cultivar A,Argiloso,Irrigado,15.4,852.0,26.8,8.48,6.09,284.7,1.18,60.2,8.878
TAL-00505,2024,Centro-Oeste,Cultivar A,Arenoso,Irrigado,101.3,1230.9,26.3,7.58,6.09,242.0,3.72,61.9,7.997
TAL-01789,2022,Nordeste,Cultivar A,Misto,Sequeiro,24.4,1133.3,,6.86,7.5,236.8,3.2,56.7,6.694
TAL-00348,2021,Sul,Cultivar C,Misto,Irrigado,76.8,454.5,23.8,9.04,5.87,143.0,0.62,59.6,9.116
TAL-00387,2025,Centro-Oeste,Cultivar C,Arenoso,Sequeiro,92.8,1230.7,25.7,6.04,6.6,251.4,0.53,87.4,7.578
TAL-01025,2024,Centro-Oeste,Cultivar A,Argiloso,Sequeiro,38.8,874.7,25.5,8.68,5.53,151.0,1.27,68.6,9.091
TAL-00895,2023,Centro-Oeste,Cultivar C,Argiloso,Sequeiro,4.1,,21.0,6.83,5.51,116.2,3.69,64.2,7.233
TAL-00829,2022,Nordeste,Cultivar C,MISTO,Sequeiro,31.9,,22.6,7.57,4.96,31.9,4.46,67.6,4.603
TAL-01908,2025,Sul,Cultivar C,Argiloso,Irrigado,38.2,766.7,23.6,6.58,5.65,210.5,3.61,72.7,7.726
TAL-00476,2022,Sudeste,Cultivar A,Argiloso,Sequeiro,104.7,840.3,25.9,7.23,6.51,226.5,3.17,46.4,8.153
TAL-01482,2023,Sul,Cultivar B,Arenoso,Irrigado,25.8,808.4,26.8,8.22,5.52,323.8,0.54,75.1,9.497
TAL-01458,2022,Sudeste,Cultivar C,Argiloso,Irrigado,55.1,422.1,22.6,5.68,,241.1,,65.0,6.796
TAL-01407,2023,Norte,Cultivar B,Argiloso,Irrigado,18.7,637.4,27.6,9.94,6.48,76.4,3.03,82.9,8.144
TAL-00653,2025,Centro-Oeste,Cultivar C,Arenoso,Irrigado,20.7,1013.9,23.8,8.04,6.18,165.3,,66.6,7.159
TAL-00173,2024,Sul,Cultivar B,Misto,Sequeiro,17.7,1036.2,24.0,6.27,5.98,291.5,,71.7,9.356
TAL-01150,2021,Nordeste,Cultivar A,Arenoso,Sequeiro,16.5,,30.2,6.81,,135.9,1.8,50.7,5.52
TAL-00039,2021,Sul,Cultivar B,Argiloso,Sequeiro,81.9,503.5,28.1,5.39,6.31,143.2,5.7,63.3,7.572
TAL-00714,2024,Nordeste,Cultivar A,Misto,Sequeiro,32.9,1102.8,20.9,7.75,6.14,143.0,5.04,62.2,6.37
TAL-00091,2022,Sul,Cultivar A,Arenoso,Sequeiro,44.4,953.3,25.2,8.05,,78.3,2.35,92.7,6.644
TAL-01952,2025,Sul,Cultivar C,Argiloso,Sequeiro,12.3,761.7,25.0,6.54,6.3,150.8,,47.7,7.764
TAL-01206,2025,Sul,Cultivar A,Arenoso,Sequeiro,162.9,499.4,27.6,7.64,6.37,187.7,3.6,72.7,6.685
TAL-00876,2022,Nordeste,Cultivar A,Argiloso,Sequeiro,47.4,734.7,27.9,4.92,6.77,172.3,4.52,62.2,6.13
TAL-01361,2022,Centro-Oeste,Cultivar A,Argiloso,Sequeiro,18.4,895.6,17.5,7.5,6.15,191.8,2.73,63.8,7.52
TAL-01905,2024,Centro-Oeste,Cultivar A,Argiloso,Irrigado,129.9,981.1,25.9,8.17,5.64,171.9,0.98,58.7,8.009
TAL-01094,2022,Sul,Cultivar C,Argiloso,Irrigado,19.8,346.7,23.1,8.17,5.09,273.4,4.81,75.5,7.486
TAL-01156,2025,Sul,Cultivar A,Arenoso,Irrigado,180.9,748.5,26.0,5.81,5.04,177.2,3.64,57.8,7.414
TAL-01503,2024,Sudeste,Cultivar A,Arenoso,Sequeiro,82.0,739.1,26.5,6.81,7.1,217.1,0.6,52.7,8.646
TAL-01974,2022, Sudeste ,Cultivar A,Misto,Sequeiro,41.7,949.4,30.0,6.62,6.39,171.8,1.29,56.1,7.002
TAL-00500,2021,Centro-Oeste,Cultivar A,Misto,Sequeiro,21.2,1163.7,26.5,5.5,5.19,161.7,,76.3,7.881
TAL-00339,2023,Sul,Cultivar B,Argiloso,Sequeiro,10.8,902.6,22.8,7.01,5.22,258.4,1.22,74.9,9.54
TAL-01189,2024,Sul,Cultivar A,Misto,Sequeiro,38.3,853.5,25.9,4.64,5.9,133.7,2.03,49.9,8.093
TAL-00029,2025,Sul,Cultivar B,Argiloso,Irrigado,37.3,892.9,24.8,6.13,5.41,138.4,1.57,63.0,8.928
TAL-01218,2025,Centro-Oeste,Cultivar A,Arenoso,Irrigado,197.7,806.2,21.6,6.79,6.28,248.8,1.45,49.4,8.111
TAL-01335,2024,Norte,Cultivar A,ARGILOSO,Sequeiro,37.2,907.4,27.0,8.33,6.53,168.9,3.04,74.9,7.079
TAL-01835,2025,Sul,Cultivar A,Argiloso,Sequeiro,20.0,1153.4,26.1,9.38,,236.6,1.37,53.2,8.629
TAL-00946,2024,Sul,Cultivar A,Misto,Irrigado,62.0,826.9,27.1,7.04,6.43,220.9,2.12,53.1,8.272
TAL-00170,2023,Norte,Cultivar B,Argiloso,Irrigado,30.6,951.2,25.8,9.26,6.78,185.9,1.08,71.3,9.316
TAL-01415,2025,Sul,Cultivar A,Argiloso,Irrigado,28.0,1245.2,25.2,7.42,5.54,168.7,1.02,67.2,8.866
TAL-01198,2022,Centro-Oeste,Cultivar A,Arenoso,Irrigado,29.5,1122.4,27.0,6.38,6.81,142.9,2.55,77.4,7.469
TAL-01254,2025,Centro-Oeste,Cultivar A,Misto,Sequeiro,16.7,701.3,31.5,7.82,5.85,181.7,0.63,69.1,6.404
TAL-01787,2022,Sudeste,Cultivar C,Misto,Irrigado,11.2,787.5,24.9,9.85,6.1,226.5,4.24,76.6,7.545
TAL-00913,2024,Nordeste,Cultivar B,Argiloso,Irrigado,218.7,802.6,26.1,5.13,6.39,141.2,4.22,73.0,7.921
TAL-00492,2025,Centro-Oeste,Cultivar A,Misto,Irrigado,10.4,1038.8,22.2,7.34,6.32,225.3,,64.2,8.314
TAL-00954,2025,Sul,Cultivar C,Misto,Sequeiro,53.2,1347.5,25.6,7.24,5.97,232.0,1.24,64.5,7.773
TAL-01098,2023,Nordeste,Cultivar A,Argiloso,Sequeiro,70.0,1394.9,19.5,6.53,6.07,294.6,0.3,83.7,5.706
TAL-01033,2023,Centro-Oeste,Cultivar A,Arenoso,Sequeiro,22.2,1248.4,19.5,6.92,6.69,217.4,4.83,69.5,6.381
TAL-00588,2023,Sudeste,Cultivar A,Misto,Irrigado,4.7,,21.7,7.23,6.15,312.2,2.76,64.7,8.934
TAL-00751,2024,Sul,Cultivar A,Arenoso,Sequeiro,93.8,1086.4,29.0,9.18,5.62,180.1,4.01,74.4,6.869
TAL-00658,2023,Sudeste,Cultivar B,Arenoso,Irrigado,18.4,384.7,23.1,7.25,5.84,214.5,0.52,59.3,9.746
TAL-00235,2025,Norte,Cultivar B,Arenoso,Sequeiro,28.3,539.2,25.6,8.93,6.3,185.5,,81.0,8.74
TAL-00733,2023,Sul,Cultivar B,Arenoso,Irrigado,29.1,914.9,21.8,8.04,5.63,238.9,,76.4,9.451
TAL-00906,2022,Centro-Oeste,Cultivar B,Argiloso,Irrigado,29.2,779.9,28.2,6.16,5.72,188.1,1.61,67.2,7.801
TAL-01798,2022,Sudeste,Cultivar B,Misto,Irrigado,43.4,978.4,26.1,4.23,5.39,225.9,,66.6,7.45
TAL-01157,2023,Sul,Cultivar A,Arenoso,Irrigado,64.6,779.2,27.5,9.22,6.14,188.3,6.31,87.7,7.013
TAL-01481,2025,Sudeste,Cultivar A,Arenoso,Sequeiro,17.7,1217.1,28.0,9.16,6.23,247.3,1.57,47.8,7.356
TAL-01776,2021,Centro-Oeste,Cultivar A,Arenoso,Sequeiro,60.4,974.7,25.4,7.45,,139.2,0.73,68.8,8.721
TAL-00939,2023,Nordeste,Cultivar A,Argiloso,Sequeiro,19.9,942.9,23.4,6.85,5.61,188.2,8.24,67.7,6.126
TAL-00935,2025,Centro-Oeste,Cultivar B,Argiloso,Sequeiro,89.6,963.3,29.2,5.08,6.73,268.4,,75.5,8.331
TAL-01210,2024,Sudeste,Cultivar A,Arenoso,Sequeiro,5.6,663.7,27.5,5.23,6.31,188.9,1.09,76.2,7.464
TAL-01066,2024,Norte,Cultivar A,Argiloso,Irrigado,4.1,720.6,29.0,6.57,5.86,266.7,5.12,48.5,6.389
TAL-00109,2024,Sul,Cultivar A,Misto,Sequeiro,5.7,530.4,25.2,5.11,7.5,245.5,,76.3,7.604
TAL-01554,2021,Sudeste,Cultivar B,Arenoso,Sequeiro,44.5,957.2,25.9,6.85,5.83,208.5,5.75,54.7,8.314
TAL-00569,2024,Sudeste,Cultivar B,Argiloso,Sequeiro,52.9,852.1,25.3,6.01,6.74,217.0,4.71,62.0,8.409
TAL-01168,2021,Centro-Oeste,Cultivar A,Argiloso,Sequeiro,27.3,1048.9,17.8,5.9,6.24,153.7,2.99,55.4,7.088
TAL-01175,2025,Centro-Oeste,Cultivar B,Arenoso,Sequeiro,50.1,844.9,23.6,5.09,6.19,85.3,3.09,75.0,9.113
TAL-00891,2025,Sudeste,Cultivar A,Arenoso,Sequeiro,48.0,834.7,29.9,4.22,6.3,224.1,5.82,59.0,5.798
TAL-00948,2024,Nordeste,Cultivar B,Misto,Irrigado,58.7,666.4,19.1,4.91,6.08,216.1,3.51,47.7,7.249
TAL-01049,2025,Nordeste,Cultivar C,Arenoso,Sequeiro,14.1,730.0,23.9,6.76,4.93,124.6,,58.1,6.448
TAL-01362,2023,Sudeste,Cultivar A,Arenoso,Irrigado,8.2,713.5,26.8,7.95,5.26,124.1,,47.2,8.149
TAL-01382,2023,Sul,Cultivar C,Argiloso,Sequeiro,16.2,852.0,26.0,8.21,5.22,182.2,,58.7,8.02
TAL-01457,2022, Sul ,Cultivar C,Arenoso,Irrigado,48.5,736.1,20.2,8.43,6.31,267.8,1.54,76.8,7.388
TAL-00885,2023,Sul,Cultivar B,Misto,Irrigado,28.9,1050.6,26.1,7.87,5.77,159.0,,50.5,8.902
TAL-01995,2023,Sudeste,Cultivar A,Argiloso,Sequeiro,15.0,1289.5,27.1,9.8,5.4,201.0,,60.3,7.193
TAL-00851,2023,Sul,Cultivar A,Arenoso,Irrigado,47.5,483.1,21.6,7.96,,186.2,4.69,57.1,7.506
TAL-00735,2024,Sul,Cultivar A,Misto,Sequeiro,28.5,1050.9,26.9,7.27,5.69,193.0,1.59,65.7,8.396
TAL-00718,2021,Sul,Cultivar C,Argiloso,Irrigado,40.6,1142.2,24.2,6.77,6.63,260.1,0.31,60.1,8.51
TAL-00455,2022,Sul,Cultivar B,Argiloso,Irrigado,35.0,,21.3,7.77,6.67,131.8,2.84,56.6,8.998
TAL-00265,2024,Norte,Cultivar B,ARGILOSO,Sequeiro,239.6,1075.6,24.9,5.77,6.42,194.7,4.88,64.5,7.607
TAL-00076,2023,Sudeste,Cultivar B,Argiloso,Sequeiro,19.6,1146.2,23.4,5.81,6.16,165.4,4.34,74.8,8.131
TAL-01670,2025,Nordeste,Cultivar B,Misto,Sequeiro,74.4,994.5,23.0,8.68,6.23,148.4,1.24,39.6,7.652
TAL-00445,2025,Sul,Cultivar A,Arenoso,Sequeiro,50.7,930.7,22.8,5.64,5.7,173.4,0.64,64.9,8.996
TAL-00396,2024,Sudeste,Cultivar C,Argiloso,Irrigado,77.1,613.1,27.8,7.78,5.73,72.4,4.07,70.5,6.858
TAL-00177,2024,Sudeste,Cultivar A,Argiloso,Irrigado,33.6,897.0,26.7,4.28,6.61,113.3,,59.2,7.556
TAL-01043,2023,Centro-Oeste,Cultivar B,Arenoso,Sequeiro,22.2,708.1,22.2,7.83,6.97,85.8,2.58,48.3,8.499
TAL-01901,2022,Centro-Oeste,Cultivar A,Misto,Sequeiro,27.7,627.2,21.9,9.43,4.35,157.7,4.07,51.6,8.55
TAL-01928,2021,Centro-Oeste,Cultivar C,Misto,Sequeiro,66.8,893.7,25.8,5.75,,174.0,2.87,71.8,7.435
TAL-01522,2024, Centro-Oeste ,Cultivar C,Arenoso,Sequeiro,202.7,356.7,25.1,9.09,5.91,195.7,2.45,81.1,7.169
TAL-01939,2024,Sul,Cultivar A,Argiloso,Sequeiro,20.2,989.0,26.6,5.57,5.23,210.5,0.54,61.4,7.475
TAL-00596,2025,Sul,Cultivar C,Misto,Sequeiro,12.2,939.0,25.8,7.72,6.25,90.0,5.42,74.1,7.445
TAL-00062,2022,Sudeste,Cultivar A,Argiloso,Sequeiro,26.8,1023.2,21.9,5.47,5.85,340.3,,65.9,8.04
TAL-01297,2021,Sul,Cultivar B,Misto,Irrigado,52.8,837.2,25.9,8.7,5.44,210.6,3.39,68.0,9.58
TAL-00873,2021,Norte,Cultivar A,Argiloso,Sequeiro,113.1,620.7,19.9,7.59,,211.5,1.49,66.2,6.863
TAL-01553,2024,Sudeste,Cultivar A,Argiloso,Sequeiro,12.0,1401.8,29.8,8.64,6.21,113.2,1.54,56.6,5.984
TAL-01894,2025,Sul,Cultivar B,Misto,Sequeiro,25.7,1382.1,23.0,8.0,6.01,266.6,3.95,73.0,8.042
TAL-00279,2025,Nordeste,Cultivar C,Arenoso,Irrigado,7.0,1028.8,20.6,5.94,5.7,345.6,2.95,58.0,6.254
TAL-00037,2023,Sul,Cultivar C,Arenoso,Irrigado,9.8,902.4,27.5,4.9,7.61,114.3,,60.9,6.112
TAL-01527,2023,Sudeste,Cultivar A,ARENOSO,Irrigado,44.8,554.4,28.3,5.05,4.95,119.6,1.76,74.1,6.322
TAL-00663,2025,Sul,Cultivar A,Argiloso,Sequeiro,36.6,853.8,28.9,6.33,6.43,211.7,1.13,52.0,8.508
TAL-01821,2025,Norte,Cultivar B,Argiloso,Sequeiro,900.0,687.8,22.0,6.01,5.09,222.7,2.66,61.6,7.316
TAL-01455,2023,Sudeste,Cultivar C,Misto,Irrigado,6.2,477.2,25.5,6.57,4.9,242.7,,57.5,6.487
TAL-00978,2025,Sudeste,Cultivar B,Arenoso,Sequeiro,13.7,868.7,28.8,7.8,5.36,138.7,5.98,69.7,7.332
TAL-01583,2022,Sudeste,Cultivar A,Arenoso,Sequeiro,203.0,708.7,21.8,3.66,5.47,263.4,2.61,53.6,7.781
TAL-00739,2025,Sudeste,Cultivar B,Arenoso,Irrigado,97.9,517.7,23.2,6.02,5.58,192.7,1.22,68.6,9.641
TAL-00192,2025,Sul,Cultivar B,Argiloso,Sequeiro,36.8,744.9,24.4,6.64,6.16,227.2,5.15,66.7,9.714
TAL-00920,2024,Centro-Oeste,Cultivar B,Argiloso,Sequeiro,12.3,1140.5,25.0,6.01,7.18,214.2,2.5,64.0,8.393
TAL-00457,2025,Norte,Cultivar B,ARENOSO,Sequeiro,54.1,,24.1,7.78,5.66,188.1,3.64,66.5,6.111
TAL-00676,2024,Sudeste,Cultivar B,Arenoso,Sequeiro,18.0,553.9,21.2,5.33,6.76,151.0,1.65,55.2,7.805
TAL-00761,2024,Centro-Oeste,Cultivar B,Argiloso,Sequeiro,14.9,1175.2,20.0,7.75,6.63,152.9,3.07,75.3,8.036
TAL-01822,2025,Sudeste,Cultivar B,Misto,Sequeiro,107.3,909.4,23.6,8.32,6.21,247.0,6.22,48.3,9.095
TAL-01614,2022,Sudeste,Cultivar C,ARGILOSO,Sequeiro,93.0,999.1,24.0,8.28,5.79,310.9,3.67,65.4,7.572
TAL-00729,2021,Sudeste,Cultivar A,Argiloso,Irrigado,31.3,807.0,25.9,8.93,5.74,175.3,2.93,74.5,7.711
TAL-00413,2024,Sul,Cultivar A,Argiloso,Sequeiro,33.4,516.6,19.3,7.21,5.46,138.3,5.86,61.0,6.597
TAL-01099,2024,Nordeste,Cultivar A,Misto,Sequeiro,2.7,1004.8,28.1,1.98,6.02,212.6,4.06,59.9,5.385
TAL-00826,2025,Sul,Cultivar B,Argiloso,Sequeiro,19.9,857.5,24.2,5.28,6.12,224.5,2.14,59.1,9.408
TAL-01508,2022,Sudeste,Cultivar C,Argiloso,Irrigado,168.1,,25.5,8.83,5.76,124.0,3.93,63.4,7.207
TAL-00617,2024,Centro-Oeste,Cultivar A,Arenoso,Sequeiro,19.9,1056.0,27.6,8.28,6.71,192.4,2.22,89.6,8.159
TAL-00115,2021,Sul,Cultivar A,Misto,Sequeiro,30.0,1460.1,20.6,4.97,6.46,67.6,2.39,91.0,3.658
TAL-00418,2025,Centro-Oeste,Cultivar B,Arenoso,Sequeiro,81.2,977.9,20.7,6.51,5.83,227.7,5.18,53.5,9.363
TAL-01926,2025,Sul,Cultivar B,Arenoso,Sequeiro,18.9,1379.6,22.3,5.59,5.94,200.5,1.66,53.9,8.583
TAL-00970,2023,Sul,Cultivar A,Argiloso,Sequeiro,11.2,,27.2,8.18,7.36,97.6,4.57,51.2,6.778
TAL-00605,2024,Norte,Cultivar A,Argiloso,Irrigado,21.1,736.4,27.4,8.26,,157.6,,66.7,7.052
TAL-01934,2022,Nordeste,Cultivar A,Arenoso,Sequeiro,13.6,,22.3,7.63,5.44,187.2,1.1,57.2,6.728
TAL-00090,2021,Centro-Oeste,Cultivar A,Arenoso,Irrigado,18.3,931.5,17.0,7.21,7.31,197.4,,64.7,5.503
TAL-00849,2025,Sul,Cultivar B,Arenoso,Sequeiro,15.9,719.1,24.3,7.06,6.25,260.7,3.39,56.0,9.28
TAL-01531,2024,Sudeste,Cultivar A,Arenoso,Sequeiro,101.4,757.0,22.9,6.87,5.97,61.0,3.69,53.1,5.717
TAL-01933,2023,Centro-Oeste,Cultivar B,Arenoso,Sequeiro,157.4,541.6,,7.95,5.38,215.4,1.62,60.1,8.421
TAL-00754,2025,Sudeste,Cultivar A,Argiloso,Irrigado,51.1,610.8,22.2,7.51,4.65,112.8,3.26,56.1,7.257
TAL-00499,2024,Sudeste,Cultivar C,Misto,Sequeiro,54.5,664.8,22.1,6.5,5.35,184.8,2.99,60.0,7.092
TAL-01277,2025,Sul,Cultivar A,Argiloso,Sequeiro,32.0,696.3,23.4,7.83,6.25,149.3,0.86,66.8,8.492
TAL-01326,2023,Nordeste,Cultivar C,Arenoso,Sequeiro,22.5,1253.4,25.0,7.75,6.27,248.5,4.84,66.5,6.416
TAL-00012,2024,Norte,Cultivar A,Arenoso,Irrigado,32.8,1246.3,22.6,9.16,6.47,21.1,6.03,71.5,5.496
TAL-00397,2024,Nordeste,Cultivar A,Arenoso,Irrigado,15.4,738.7,18.5,5.98,7.3,102.2,0.8,40.4,5.969
TAL-00285,2021,Centro-Oeste,Cultivar A,Misto,Irrigado,36.2,1328.0,19.6,8.06,5.74,142.8,,54.9,6.787
TAL-01067,2023,Sudeste,Cultivar A,Argiloso,Irrigado,29.7,592.4,25.4,7.58,6.12,78.1,4.83,55.9,8.367
TAL-01192,2022,Sudeste,Cultivar A,Argiloso,Sequeiro,3.4,726.4,16.5,6.85,6.92,196.1,4.03,63.4,5.079
TAL-01820,2025,Centro-Oeste,Cultivar C,Argiloso,Sequeiro,127.8,697.5,22.1,7.37,5.5,144.2,3.61,71.4,7.356
TAL-00691,2023,Sudeste,Cultivar C,Argiloso,Sequeiro,121.8,667.0,24.7,5.95,5.94,197.5,4.35,71.6,7.102
TAL-01643,2025,Sudeste,Cultivar C,Misto,Sequeiro,50.2,834.4,25.1,7.77,6.53,185.8,0.9,82.0,8.438
TAL-01891,2024,Sul,Cultivar A,Misto,Sequeiro,34.3,571.5,24.8,5.8,6.07,140.5,2.2,64.2,8.079
TAL-00690,2025,Centro-Oeste,Cultivar B,Argiloso,Sequeiro,93.0,889.3,,5.11,6.33,213.8,0.56,85.4,6.797
TAL-00852,2021,Sul,Cultivar A,Argiloso,Sequeiro,21.7,1052.9,22.8,6.37,6.7,243.9,6.62,86.7,6.6
TAL-00160,2023, Centro-Oeste ,Cultivar A,Arenoso,Irrigado,36.6,790.2,24.1,5.03,6.81,211.1,2.58,65.8,8.376
TAL-00896,2021,Nordeste,Cultivar A,Argiloso,Sequeiro,21.6,825.4,26.0,5.59,6.63,40.2,0.69,68.1,6.979
TAL-01587,2022,Sudeste,Cultivar A,Argiloso,Sequeiro,66.0,650.1,22.8,8.76,5.58,172.5,2.2,71.9,8.234
TAL-00258,2022,Sul,Cultivar B,Argiloso,Sequeiro,28.1,808.9,19.7,7.19,7.06,209.8,3.21,73.1,8.249
TAL-00336,2024,Centro-Oeste,Cultivar B,Arenoso,Sequeiro,47.7,,17.4,6.25,5.82,191.4,4.25,86.4,6.816
TAL-01895,2024,Sudeste,Cultivar C,Arenoso,Sequeiro,234.8,924.3,18.4,6.02,6.66,306.2,3.77,72.8,6.971
TAL-01040,2021,Sul,Cultivar B,Misto,Irrigado,18.5,1118.6,26.7,6.65,6.88,102.9,5.74,74.5,7.646
TAL-00516,2024,Sul,Cultivar C,Arenoso,Sequeiro,117.6,350.6,26.1,6.19,4.78,132.3,2.39,55.9,5.202
TAL-01349,2024,Sudeste,Cultivar B,Argiloso,Sequeiro,10.2,354.9,20.4,8.97,7.1,198.1,3.15,50.7,7.716
TAL-01016,2025,Sul,Cultivar B,Arenoso,Irrigado,91.8,482.1,24.3,8.54,6.0,106.0,2.43,59.3,8.749
TAL-00769,2024,Sul,Cultivar C,Arenoso,Irrigado,31.7,947.1,23.3,4.11,6.57,181.3,0.18,63.3,7.861
TAL-01760,2022,Norte,Cultivar A,Arenoso,Sequeiro,23.6,1039.1,26.6,4.81,6.79,109.1,,60.6,6.087
TAL-00762,2021,Sul,Cultivar C,Argiloso,Sequeiro,100.4,1266.1,22.4,5.89,5.62,202.2,1.43,65.9,6.865
TAL-01247,2023,Centro-Oeste,Cultivar A,Argiloso,Irrigado,31.6,788.7,22.2,5.44,5.02,153.0,5.31,82.9,6.789
TAL-01204,2023,Centro-Oeste,Cultivar B,ARGILOSO,Irrigado,92.5,653.3,22.6,8.65,,278.5,1.68,80.7,9.927
TAL-01937,2022,Sudeste,Cultivar A,Arenoso,Sequeiro,8.8,1447.2,22.3,7.07,5.76,179.6,,62.8,6.749
TAL-01999,2023,Nordeste,Cultivar A,Misto,Sequeiro,64.7,1200.9,24.3,6.2,6.64,195.6,,52.0,7.22
TAL-00522,2023,Sudeste,Cultivar B,Argiloso,Sequeiro,60.7,729.4,23.0,6.32,7.0,219.1,1.17,61.9,9.299
TAL-00023,2025,Norte,Cultivar A,Arenoso,Sequeiro,71.0,457.2,20.9,7.54,6.63,145.0,5.47,65.6,5.544
TAL-00357,2024,Centro-Oeste,Cultivar A,Misto,Sequeiro,10.9,921.6,23.0,7.26,6.28,229.9,,69.9,7.811
TAL-01278,2021,Sul,Cultivar B,Argiloso,Irrigado,36.4,1288.1,31.0,9.02,6.46,89.7,0.82,56.5,7.725
TAL-01313,2022,Centro-Oeste,Cultivar B,Arenoso,Sequeiro,71.7,830.0,19.1,5.43,5.98,299.4,3.44,46.4,9.529
TAL-01734,2022,Sul,Cultivar B,Misto,Sequeiro,33.5,953.3,18.7,7.99,6.41,206.8,,63.4,8.781
TAL-00341,2022,Sul,Cultivar A,Arenoso,Irrigado,63.1,1440.1,29.2,5.76,5.08,62.2,0.62,52.4,3.464
TAL-00432,2021,Centro-Oeste,Cultivar B,Misto,Sequeiro,13.1,899.9,23.0,6.54,5.85,128.2,3.94,56.6,8.883
TAL-00474,2021,Sul,Cultivar B,Arenoso,Sequeiro,32.9,899.5,19.3,7.47,5.73,111.7,0.86,50.4,8.107
TAL-00218,2024,Sul,Cultivar C,Arenoso,Irrigado,74.8,979.4,22.4,7.83,5.61,182.7,2.67,45.4,7.757
TAL-00912,2023,Nordeste,Cultivar A,Argiloso,Sequeiro,26.2,1251.3,22.4,4.31,5.95,143.8,1.24,60.3,6.702
TAL-01228,2025,Sudeste,Cultivar A,Arenoso,Sequeiro,160.5,741.5,27.5,5.96,5.05,123.5,3.93,81.1,6.098
TAL-01608,2023,Sul,Cultivar A,Argiloso,Sequeiro,20.9,1106.9,27.1,8.26,7.75,310.0,3.53,73.3,7.928
TAL-01012,2024,Centro-Oeste,Cultivar C,Argiloso,Irrigado,12.3,1132.8,23.0,8.07,5.92,221.0,2.15,76.0,8.143
TAL-01965,2021,Centro-Oeste,Cultivar A,ARGILOSO,Sequeiro,34.0,1225.5,29.1,4.73,5.52,169.5,5.71,71.3,6.732
TAL-00094,2025,Sudeste,Cultivar A,Arenoso,Sequeiro,39.4,941.6,23.7,7.51,6.22,239.0,3.09,53.2,8.317
TAL-01009,2024,Centro-Oeste,Cultivar A,Argiloso,Sequeiro,11.0,900.7,25.4,6.55,6.23,45.3,2.44,61.6,8.225
TAL-01071,2022,Nordeste,Cultivar A,Arenoso,Irrigado,19.4,841.9,21.7,8.14,4.97,96.9,3.8,62.1,5.836
TAL-01093,2021,Sudeste,Cultivar C,Arenoso,Irrigado,41.5,626.4,21.6,6.4,5.83,180.2,5.45,74.1,6.466
TAL-01597,2022,Sul,Cultivar C,Misto,Sequeiro,29.7,,29.6,6.19,5.78,243.4,2.6,63.7,6.35
TAL-01309,2023,Sul,Cultivar B,Arenoso,Sequeiro,43.2,433.6,21.0,6.34,6.62,120.4,,75.9,6.171
TAL-00697,2021,Centro-Oeste,Cultivar C,Argiloso,Sequeiro,48.4,875.8,24.7,7.41,5.0,92.5,2.2,86.6,7.674
TAL-01969,2022,Sudeste,Cultivar A,ARGILOSO,Sequeiro,97.4,665.2,25.7,6.59,6.71,249.1,1.2,71.7,8.799
TAL-00997,2025,Centro-Oeste,Cultivar B,Arenoso,Irrigado,23.6,986.2,22.3,6.69,6.77,157.6,4.81,59.2,9.013
TAL-01459,2024,Norte,Cultivar A,Arenoso,Sequeiro,30.4,1161.9,22.0,9.49,4.87,158.9,0.71,59.0,7.078
TAL-00154,2025,Centro-Oeste,Cultivar B,Argiloso,Sequeiro,15.7,969.6,24.2,6.89,5.52,177.4,0.58,66.2,9.982
TAL-01100,2025,Sul,Cultivar A,Misto,Sequeiro,66.8,887.1,25.6,9.15,5.58,262.9,1.08,67.6,9.428
TAL-01732,2023,Sul,Cultivar C,Misto,Sequeiro,39.2,809.6,27.3,5.17,7.19,156.5,3.51,50.4,6.837
TAL-01119,2024,Sul,Cultivar A,Arenoso,Sequeiro,7.9,714.4,22.0,6.71,5.89,193.6,1.48,66.1,8.238
TAL-00790,2025,Centro-Oeste,Cultivar A,Argiloso,Irrigado,43.3,1010.9,21.0,6.64,5.76,68.2,6.97,58.0,6.321
TAL-00581,2024,Sudeste,Cultivar A,Argiloso,Irrigado,41.6,540.1,18.4,5.72,5.38,192.4,3.04,72.0,6.68
TAL-00704,2023,Nordeste,Cultivar C,Argiloso,Sequeiro,103.4,659.6,26.3,7.34,5.98,205.4,4.44,34.6,5.295
TAL-01213,2021,Centro-Oeste,Cultivar B,Misto,Irrigado,32.4,810.7,22.8,6.43,6.06,230.2,,71.1,9.998
TAL-01296,2023,Sudeste,Cultivar C,Argiloso,Irrigado,16.8,379.8,25.9,9.01,7.07,2097.0,3.07,54.0,6.963
TAL-01815,2025,Nordeste,Cultivar A,Argiloso,Sequeiro,177.2,963.4,27.0,8.57,,86.8,2.03,66.0,7.242
TAL-01261,2025,Sul,Cultivar A,ARGILOSO,Irrigado,138.4,545.4,24.6,5.22,6.66,30.4,2.17,54.3,7.05
TAL-00488,2021,Sul,Cultivar C,Arenoso,Irrigado,31.6,757.3,,3.95,5.4,255.8,1.68,57.6,7.822
TAL-00560,2025,Sudeste,Cultivar A,Argiloso,Sequeiro,18.6,965.4,31.0,5.86,6.18,152.4,,79.7,5.093
TAL-01142,2025,Centro-Oeste,Cultivar A,Argiloso,Irrigado,26.1,631.6,26.5,7.76,5.35,167.2,1.22,88.1,7.813
TAL-01120,2025,Nordeste,Cultivar A,Argiloso,Irrigado,19.9,1268.3,28.2,5.56,5.11,139.4,1.86,67.6,5.878
TAL-00802,2022,Sudeste,Cultivar A,Arenoso,Irrigado,94.7,962.8,13.6,7.59,6.13,238.2,0.21,66.0,4.219
TAL-00513,2023,Sul,Cultivar A,Misto,Sequeiro,16.8,987.2,26.1,7.8,6.78,199.1,2.73,80.0,8.757
TAL-00634,2024,Sudeste,Cultivar B,Arenoso,Sequeiro,28.7,478.2,20.0,4.75,6.16,156.4,,78.9,7.043
TAL-01490,2025,Sudeste,Cultivar A,Argiloso,Sequeiro,29.9,1239.0,26.5,8.95,6.6,257.7,0.21,65.3,7.861
TAL-01802,2024,Centro-Oeste,Cultivar A,Argiloso,Irrigado,35.2,944.9,21.5,7.8,6.09,132.7,3.33,76.6,8.376
TAL-01557,2023,Norte,Cultivar A,Arenoso,Sequeiro,68.8,412.8,23.5,7.17,4.94,155.7,6.3,76.3,5.372
TAL-01151,2023,Sul,Cultivar A,Argiloso,Sequeiro,87.2,684.4,28.5,6.64,5.62,150.6,5.14,86.0,6.652
TAL-00791,2025,Sul,Cultivar C,Argiloso,Sequeiro,9.1,728.5,20.0,6.98,5.36,147.7,3.24,57.6,6.775
TAL-00117,2024,Centro-Oeste,Cultivar A,Argiloso,Sequeiro,9.0,1182.2,18.7,5.95,6.49,185.7,4.22,57.3,6.498
TAL-00741,2021,Sul,Cultivar A,Arenoso,Sequeiro,76.3,,25.2,7.2,5.91,189.4,,68.0,7.599
TAL-01704,2022,Centro-Oeste,Cultivar B,Misto,Sequeiro,28.8,836.9,23.4,6.1,5.59,145.3,4.18,81.8,9.039
TAL-01082,2023,Nordeste,Cultivar A,ARGILOSO,Irrigado,93.4,823.7,19.9,4.81,7.31,255.4,2.19,52.6,6.672
TAL-00831,2021,Centro-Oeste,Cultivar A,ARGILOSO,Sequeiro,62.9,1660.1,22.6,7.55,5.66,213.6,2.26,59.1,7.277
TAL-00120,2024,Centro-Oeste,Cultivar A,Argiloso,Sequeiro,14.3,918.9,,5.53,5.97,159.7,3.32,64.2,8.162
TAL-00657,2022,Nordeste,Cultivar A,Misto,Sequeiro,14.6,944.2,17.5,6.87,5.55,236.1,,89.4,4.153
TAL-01923,2024,Sudeste,Cultivar A,Argiloso,Irrigado,65.4,783.4,17.6,6.32,4.59,195.7,3.02,64.0,6.091
TAL-00636,2023,Sul,Cultivar A,Arenoso,Sequeiro,25.4,929.1,30.0,6.93,5.31,177.4,,61.0,6.555
TAL-00370,2021,Nordeste,Cultivar B,Argiloso,Irrigado,40.8,844.9,25.2,7.21,6.39,137.5,3.65,66.9,8.194
TAL-00269,2024,Sul,Cultivar B,Misto,Sequeiro,19.4,1223.9,23.1,8.1,6.31,159.0,1.77,54.9,9.137
TAL-00656,2022,Sudeste,Cultivar C,Misto,Sequeiro,13.4,946.8,28.2,5.58,,221.2,2.63,72.9,6.928
TAL-00936,2025,Sul,Cultivar A,Arenoso,Irrigado,101.1,684.7,23.3,9.88,,152.1,3.76,64.3,8.729
TAL-00823,2024,Sudeste,Cultivar A,ARGILOSO,Sequeiro,57.1,1119.6,19.9,8.05,5.93,62.4,4.48,61.2,7.295
TAL-00867,2021,Nordeste,Cultivar A,ARENOSO,Sequeiro,18.8,787.4,29.6,8.17,6.23,214.0,5.02,75.3,5.212
TAL-00047,2024,Sudeste,Cultivar A,Arenoso,Sequeiro,54.4,882.4,26.6,8.82,5.4,115.9,6.83,54.1,6.455
TAL-01374,2025,Nordeste,Cultivar A,Argiloso,Irrigado,53.9,1084.7,20.6,7.67,6.0,249.4,2.94,60.1,6.605
TAL-01722,2025,Sul,Cultivar B,Arenoso,Irrigado,78.9,993.1,17.1,5.71,5.7,124.2,1.49,65.7,6.866
TAL-00992,2022,Centro-Oeste,Cultivar C,Misto,Sequeiro,60.2,963.7,25.4,5.33,5.5,167.2,2.27,59.2,7.941
TAL-00877,2025,Sudeste,Cultivar A,Arenoso,Sequeiro,127.0,815.4,22.2,9.3,6.43,161.2,3.2,50.6,8.679
TAL-00774,2024,Nordeste,Cultivar A,ARGILOSO,Irrigado,33.1,893.9,22.0,7.63,4.75,355.0,,56.8,7.633
TAL-01220,2022,Sul,Cultivar A,Arenoso,Sequeiro,47.2,803.1,21.9,5.92,5.48,71.6,,54.0,7.083
TAL-00375,2024,Sul,Cultivar A,Argiloso,Sequeiro,24.6,1101.1,,7.35,7.07,150.6,2.69,71.3,9.013
TAL-00005,2025,Sul,Cultivar A,Argiloso,Sequeiro,58.5,750.4,22.0,6.69,6.8,191.5,4.33,65.8,8.056
TAL-01004,2021,Sul,Cultivar B,Arenoso,Sequeiro,140.6,1423.1,22.3,7.33,6.54,179.1,0.96,72.8,8.376
TAL-01737,2021,Nordeste,Cultivar A,Argiloso,Irrigado,35.3,1337.7,26.1,7.77,6.37,200.9,,60.4,6.992
TAL-00264,2025,Sul,Cultivar A,Misto,Irrigado,60.1,,21.9,6.09,5.02,207.9,,62.9,8.465
TAL-01581,2024,Nordeste,Cultivar B,Argiloso,Sequeiro,30.3,,21.1,6.9,6.24,123.6,1.78,69.9,6.935
TAL-01845,2022,Sul,Cultivar C,Argiloso,Sequeiro,15.1,797.5,24.6,5.73,5.81,38.4,3.13,64.0,6.197
TAL-00444,2023,Sul,Cultivar B,Misto,Irrigado,31.5,270.0,25.3,8.83,5.62,110.1,1.17,73.7,8.932
TAL-01003,2023,Sul,Cultivar A,Misto,Sequeiro,68.0,847.0,24.1,9.98,5.44,211.2,1.7,58.9,8.65
TAL-01078,2024,Sudeste,Cultivar B,Arenoso,Irrigado,9.6,942.1,21.5,5.53,7.15,220.6,0.56,44.2,8.228
TAL-00838,2024,Norte,Cultivar A,Arenoso,Sequeiro,87.9,971.8,26.3,6.15,5.81,316.6,,58.7,7.851
TAL-01805,2022,Centro-Oeste,Cultivar A,Argiloso,Sequeiro,364.5,527.2,31.2,6.82,6.22,232.4,4.73,70.6,6.566
TAL-00305,2024,Nordeste,Cultivar A,Arenoso,Irrigado,7.6,1018.4,25.6,7.94,6.03,318.3,1.13,58.9,7.663
TAL-01366,2022,Centro-Oeste,Cultivar A,MISTO,Sequeiro,26.8,1184.7,22.2,6.8,6.14,146.2,1.91,54.5,8.435
TAL-01569,2021,Sudeste,Cultivar C,Arenoso,Irrigado,107.6,429.9,23.0,6.71,6.17,193.3,3.61,66.2,8.271
TAL-00314,2022,Sudeste,Cultivar A,Misto,Sequeiro,183.7,791.6,25.9,6.46,5.03,81.3,1.0,63.1,6.823
TAL-00150,2021,Sul,Cultivar A,ARGILOSO,Irrigado,23.2,696.1,22.2,7.46,6.09,194.9,3.0,62.1,8.6
TAL-01149,2023,Sudeste,Cultivar C,Misto,Irrigado,109.8,968.4,26.2,6.14,4.87,187.8,1.54,53.4,7.054
TAL-01214,2021,Sudeste,Cultivar B,Misto,Sequeiro,31.1,1302.1,19.3,6.09,6.8,238.2,,86.9,6.215
TAL-00575,2025,Nordeste,Cultivar B,Misto,Sequeiro,10.4,530.7,25.5,5.29,5.94,1848.0,,44.8,7.823
TAL-00051,2023,Sul,Cultivar C,Misto,Sequeiro,13.9,1011.1,20.3,8.25,6.07,178.3,3.27,68.9,8.1
TAL-01564,2024,Nordeste,Cultivar A,Arenoso,Sequeiro,81.5,1142.5,24.7,5.78,5.45,300.3,,52.9,6.191
TAL-00727,2025,Sul,Cultivar B,Misto,Sequeiro,23.4,941.9,23.5,5.62,6.41,232.2,5.95,80.1,8.339
TAL-00834,2024,Centro-Oeste,Cultivar C,Argiloso,Irrigado,44.7,1044.5,23.1,7.24,6.07,111.6,4.98,62.8,7.295
TAL-01378,2022,Nordeste,Cultivar C,Argiloso,Irrigado,10.6,613.5,23.2,6.9,5.78,233.8,6.01,48.3,6.088
TAL-01116,2025,Sul,Cultivar B,MISTO,Irrigado,28.8,1020.4,29.9,6.17,5.86,94.1,0.59,86.5,7.16
TAL-01167,2024,Nordeste,Cultivar A,Argiloso,Irrigado,7.6,858.6,23.4,7.5,5.66,259.2,,61.6,7.701
TAL-00471,2023,Sudeste,Cultivar A,Misto,Sequeiro,71.8,1039.4,23.6,4.58,6.2,247.9,3.29,62.5,8.246
TAL-00972,2023,Sul,Cultivar B,Arenoso,Sequeiro,29.9,492.8,30.5,7.04,6.48,190.7,,76.7,5.579
TAL-00654,2021,Sul,Cultivar B,Arenoso,Sequeiro,13.5,924.3,25.3,10.41,4.76,214.2,1.27,66.3,9.451
TAL-00400,2025,Sudeste,Cultivar B,Misto,Irrigado,37.9,695.7,,7.43,5.44,136.6,0.76,61.4,9.486
TAL-00512,2023,Nordeste,Cultivar A,Argiloso,Sequeiro,26.9,842.5,25.2,7.84,5.82,223.5,1.82,55.6,7.52
TAL-00321,2021,Nordeste,Cultivar A,Misto,Sequeiro,15.9,483.0,24.4,6.52,6.34,282.8,,61.8,6.753
TAL-00020,2024,Centro-Oeste,Cultivar A,Argiloso,Irrigado,90.3,1033.9,22.8,8.92,5.93,128.2,3.46,41.9,8.059
TAL-00685,2022,Centro-Oeste,Cultivar A,Misto,Sequeiro,29.7,1416.0,22.7,10.07,5.77,114.3,0.25,75.3,7.926
TAL-00036,2025,Sul,Cultivar B,Argiloso,Irrigado,50.1,964.5,23.6,3.85,6.19,186.0,2.27,57.0,9.296
TAL-00903,2025, Sul ,Cultivar A,Arenoso,Irrigado,24.0,1576.5,22.5,9.45,6.64,220.4,2.22,65.7,6.016
TAL-01842,2022,Centro-Oeste,Cultivar B,ARENOSO,Sequeiro,11.4,,22.1,6.59,4.69,251.7,1.95,86.4,8.674
TAL-00828,2025,Sul,Cultivar A,Argiloso,Irrigado,47.9,853.6,23.9,7.98,5.75,61.3,2.57,82.5,7.604
TAL-01811,2022,Sul,Cultivar B,Argiloso,Sequeiro,36.5,662.2,,7.14,6.46,113.5,3.22,63.6,8.02
TAL-00408,2024,Nordeste,Cultivar A,Argiloso,Sequeiro,30.4,758.2,24.3,8.95,6.19,101.6,0.93,70.4,7.68
TAL-00921,2023,Sul,Cultivar C,Argiloso,Irrigado,21.2,,24.9,6.74,6.17,257.1,,41.3,7.56
TAL-00538,2025,Sul,Cultivar A,Misto,Sequeiro,22.8,581.5,21.8,6.66,5.96,131.6,1.66,52.9,7.385
TAL-00759,2023,Sul,Cultivar B,Arenoso,Sequeiro,10.0,,24.8,6.18,4.36,157.0,2.83,67.9,8.129
TAL-01920,2025,Norte,Cultivar A,Arenoso,Sequeiro,198.7,1154.2,26.8,6.4,6.97,197.7,5.2,67.7,7.001
TAL-01063,2023,Sul,Cultivar A,Arenoso,Sequeiro,13.7,723.3,25.1,7.71,7.29,215.4,1.53,60.8,8.633
TAL-01200,2023, Centro-Oeste ,Cultivar C,Argiloso,Irrigado,20.3,1007.8,25.0,6.12,6.41,220.1,2.38,55.2,7.313
TAL-00246,2022,Nordeste,Cultivar A,Arenoso,Sequeiro,17.6,604.4,22.4,6.3,6.64,146.0,2.92,62.4,6.332
TAL-01417,2023,Centro-Oeste,Cultivar B,Arenoso,Sequeiro,33.6,763.8,24.4,8.54,6.49,194.8,1.88,72.3,9.947
TAL-01128,2024,Centro-Oeste,Cultivar A,Arenoso,Sequeiro,21.4,1007.4,21.5,8.14,6.05,174.7,4.38,53.2,7.961
TAL-00785,2024,Norte,Cultivar A,Misto,Irrigado,74.5,1427.9,23.9,6.07,5.83,250.1,2.17,65.5,6.862
TAL-01756,2023,Centro-Oeste,Cultivar A,Argiloso,Irrigado,97.2,,17.9,6.08,5.54,127.8,2.7,59.3,6.654
TAL-00490,2024,Centro-Oeste,Cultivar B,Argiloso,Irrigado,75.3,1390.8,26.8,5.12,5.05,173.2,2.89,70.2,7.936
TAL-00155,2024,Sul,Cultivar B,ARGILOSO,Sequeiro,61.1,,31.5,5.49,6.68,60.9,3.21,65.7,5.705
TAL-00962,2023,Sudeste,Cultivar C,Arenoso,Sequeiro,5.5,826.0,25.9,7.26,6.49,226.4,5.47,50.5,6.427
TAL-00854,2024,Nordeste,Cultivar A,Arenoso,Sequeiro,97.3,,,7.87,5.62,193.6,3.98,71.0,4.651
TAL-01312,2024,Norte,Cultivar C,Arenoso,Sequeiro,55.6,,23.8,5.78,6.31,268.3,,75.3,4.219
TAL-00626,2021,Sudeste,Cultivar A,Argiloso,Irrigado,59.3,439.9,24.3,5.69,6.21,170.8,4.28,70.1,7.249
TAL-00686,2021,Sudeste,Cultivar B,Arenoso,Sequeiro,29.5,657.4,26.7,7.93,5.58,199.1,0.68,58.1,8.374
TAL-01573,2023,Centro-Oeste,Cultivar A,Argiloso,Sequeiro,35.7,843.7,20.4,4.85,7.81,215.3,,70.4,8.085
TAL-00570,2025,Centro-Oeste,Cultivar C,Argiloso,Irrigado,34.0,798.2,24.6,5.89,5.17,161.4,2.87,76.8,8.008
TAL-01924,2021,Sudeste,Cultivar C,Arenoso,Sequeiro,100.7,462.7,21.9,5.96,5.26,6.9,,73.3,5.32
TAL-00018,2024,Sul,Cultivar A,Argiloso,Irrigado,45.1,451.1,19.0,7.96,5.58,161.6,2.84,63.8,7.331
TAL-00128,2024,Sul,Cultivar A,Argiloso,Sequeiro,32.7,769.5,17.8,7.18,6.7,165.4,2.17,76.6,6.325
TAL-01347,2023,Sudeste,Cultivar B,Argiloso,Sequeiro,46.1,1236.1,25.4,6.78,6.6,170.1,2.26,58.0,8.504
TAL-01280,2025,Centro-Oeste,Cultivar A,Argiloso,Irrigado,99.4,871.0,27.7,7.19,5.45,222.4,3.95,65.2,8.08
TAL-01984,2024,Sul,Cultivar A,Arenoso,Irrigado,43.2,1258.7,28.4,6.86,5.18,195.6,3.77,52.8,5.336
TAL-00928,2025,Nordeste,Cultivar B,Argiloso,Irrigado,59.0,703.2,24.4,8.73,5.43,115.7,1.99,65.0,7.957
TAL-00981,2023,Norte,Cultivar B,Misto,Irrigado,65.6,,26.1,6.21,5.48,313.9,4.22,50.8,6.949
TAL-01980,2021,Sul,Cultivar B,Argiloso,Sequeiro,43.5,895.6,28.0,6.94,5.19,268.6,3.91,71.9,8.738
TAL-00191,2024,Norte,Cultivar A,Arenoso,Irrigado,7.5,940.5,24.8,4.6,6.13,169.0,2.34,43.8,7.203
TAL-01140,2021,Centro-Oeste,Cultivar A,Misto,Sequeiro,31.5,715.9,25.7,11.35,6.33,114.8,,61.6,8.958
TAL-00993,2021,Centro-Oeste,Cultivar A,Argiloso,Irrigado,40.6,709.6,26.4,10.11,6.23,266.9,4.13,54.4,9.516
TAL-01971,2024,Sudeste,Cultivar C,Argiloso,Sequeiro,45.8,1352.4,18.4,7.9,5.41,247.0,3.76,59.1,5.092
TAL-01669,2025,Sul,Cultivar A,Argiloso,Sequeiro,32.6,954.8,,7.73,7.22,154.1,,68.0,8.635
TAL-00607,2022,Nordeste,Cultivar B,Misto,Irrigado,64.7,1135.7,32.4,3.91,6.23,152.1,1.77,65.2,4.655
TAL-00181,2022,Nordeste,Cultivar B,Argiloso,Sequeiro,24.4,1052.8,29.2,7.72,6.84,259.6,3.69,88.8,7.356
TAL-00302,2023,Sul,Cultivar B,Argiloso,Sequeiro,71.8,721.9,21.2,6.05,7.56,151.8,3.86,72.4,8.061
TAL-00497,2022,Sudeste,Cultivar B,Argiloso,Sequeiro,28.7,987.1,25.1,8.0,,210.7,,83.6,8.847
TAL-01709,2025, Nordeste ,Cultivar A,Arenoso,Sequeiro,47.1,701.1,25.0,7.49,4.53,293.0,0.69,70.3,7.096
TAL-01809,2023,Sudeste,Cultivar C,Arenoso,Irrigado,25.3,991.3,23.6,7.81,6.9,186.6,1.39,59.8,8.536
TAL-01674,2023,Sul,Cultivar A,Argiloso,Sequeiro,15.1,509.2,24.1,8.41,6.76,277.4,1.65,60.2,8.283
TAL-01650,2023,Nordeste,Cultivar C,Arenoso,Irrigado,40.8,1304.3,23.7,5.23,5.65,225.1,,64.3,5.804
TAL-00518,2022,Centro-Oeste,Cultivar A,Arenoso,Irrigado,116.2,710.9,24.6,8.24,6.64,174.5,,75.9,9.476
TAL-02000,2023,Centro-Oeste,Cultivar A,Misto,Irrigado,18.1,773.8,24.3,7.73,6.14,123.3,1.86,82.5,8.578
TAL-01070,2023,Sudeste,Cultivar A,Argiloso,Irrigado,53.6,752.5,27.1,4.75,7.33,203.3,1.3,69.6,7.253
TAL-00477,2025,Sudeste,Cultivar A,Argiloso,Irrigado,4.4,1220.3,24.8,7.42,6.17,128.0,,59.7,8.706
TAL-00158,2022, Centro-Oeste ,Cultivar A,Arenoso,Sequeiro,26.6,863.4,22.3,6.48,5.87,187.3,4.33,43.9,7.285
TAL-01244,2022,Sul,Cultivar A,Arenoso,Irrigado,16.9,554.3,19.8,6.5,5.41,99.9,0.49,67.1,7.4
TAL-01196,2021,Sul,Cultivar A,Misto,Irrigado,152.5,957.5,24.0,8.23,5.35,118.7,6.19,81.1,7.933
TAL-00017,2024,Centro-Oeste,Cultivar A,Arenoso,Sequeiro,42.3,985.2,27.8,7.92,6.89,220.2,6.07,70.4,7.636
TAL-01536,2023,Sudeste,Cultivar B,Misto,Irrigado,11.9,632.7,19.7,8.99,5.86,106.7,2.32,77.9,7.506
TAL-01073,2024,Sudeste,Cultivar C,Argiloso,Sequeiro,29.6,1027.6,21.7,8.35,6.92,198.7,2.24,70.8,7.017
TAL-01987,2025,Sul,Cultivar A,Arenoso,Irrigado,33.8,150.0,22.8,9.72,5.77,269.9,4.07,75.4,7.04
TAL-00547,2024,Sudeste,Cultivar C,Misto,Sequeiro,17.2,904.2,21.8,7.87,5.8,204.9,1.81,60.5,8.674
TAL-01540,2021,Sudeste,Cultivar A,Arenoso,Sequeiro,13.6,1117.9,28.7,7.67,6.55,138.4,,71.3,7.998
TAL-00659,2024,Centro-Oeste,Cultivar A,Argiloso,Irrigado,40.6,986.3,26.6,6.27,6.15,162.1,0.63,68.1,8.58
TAL-01753,2022,Nordeste,Cultivar A,Misto,Irrigado,25.3,1237.9,25.3,7.98,6.81,34.5,1.71,77.8,5.148
TAL-01020,2025,Sudeste,Cultivar A,Argiloso,Sequeiro,27.2,941.4,22.1,5.79,5.85,226.4,,66.4,7.973
TAL-01675,2023,Centro-Oeste,Cultivar B,Argiloso,Sequeiro,127.2,979.1,27.4,6.45,7.14,354.1,3.09,52.5,9.479
TAL-01505,2024,Nordeste,Cultivar B,Misto,Sequeiro,22.0,1560.0,26.7,6.8,5.32,71.5,0.37,54.8,5.446
TAL-00960,2024,Centro-Oeste,Cultivar C,Argiloso,Irrigado,13.3,895.4,27.7,7.21,6.49,84.8,5.46,68.5,7.38
TAL-01897,2024,Centro-Oeste,Cultivar A,Arenoso,Sequeiro,25.1,,25.7,8.92,6.52,288.9,2.47,59.0,9.363
TAL-00284,2023,Sul,Cultivar B,Arenoso,Sequeiro,12.6,1188.5,18.9,6.16,5.73,264.2,2.27,87.7,7.734
TAL-00798,2024,Sul,Cultivar A,Argiloso,Sequeiro,31.4,525.3,25.2,5.52,5.45,168.0,3.12,79.4,7.604
TAL-01638,2025,Norte,Cultivar A,Argiloso,Irrigado,8.2,,26.4,7.78,6.57,303.3,,68.7,7.046
TAL-00226,2021,Norte,Cultivar A,Misto,Sequeiro,20.8,790.3,28.3,8.1,5.5,254.3,2.17,43.9,6.894
TAL-00027,2023,Sudeste,Cultivar C,Argiloso,Sequeiro,30.6,1101.9,24.0,9.49,5.74,250.1,1.66,67.1,8.529
TAL-01785,2023,Sul,Cultivar B,Arenoso,Sequeiro,56.2,395.2,24.2,5.6,5.32,182.8,1.1,62.8,7.605
TAL-00438,2025,Centro-Oeste,Cultivar B,Arenoso,Sequeiro,29.3,837.1,27.2,8.02,7.36,144.3,3.17,57.5,8.827
TAL-01964,2025,Sul,Cultivar A,ARENOSO,Irrigado,21.5,340.8,22.4,6.7,5.5,123.3,1.11,59.6,7.706
TAL-01389,2022,Nordeste,Cultivar A,Argiloso,Sequeiro,25.0,773.3,28.5,7.1,6.67,162.3,1.92,74.9,6.885
TAL-00230,2024,Sul,Cultivar B,Arenoso,Sequeiro,100.7,657.3,27.4,6.96,7.75,206.8,2.47,57.3,8.018
TAL-00038,2023,Sudeste,Cultivar A,Misto,Sequeiro,25.9,954.7,,9.44,6.64,221.5,1.89,83.6,7.222
TAL-00750,2024,Nordeste,Cultivar A,Arenoso,Irrigado,12.6,852.9,28.4,8.93,5.76,168.0,2.61,71.9,6.444
TAL-01046,2021,Sudeste,Cultivar C,Misto,Irrigado,246.8,1004.5,25.0,7.62,5.1,267.2,8.23,80.4,6.46
TAL-01399,2025,Centro-Oeste,Cultivar B,Argiloso,Irrigado,46.1,937.7,21.8,4.84,5.69,224.1,1.84,50.8,9.224
TAL-00470,2023,Centro-Oeste,Cultivar A,Arenoso,Irrigado,59.0,582.0,23.1,5.22,5.24,264.3,,63.9,8.316
TAL-01973,2025, Centro-Oeste ,Cultivar B,Argiloso,Sequeiro,74.7,1074.6,28.3,8.18,5.57,181.6,3.35,75.5,7.792
TAL-01983,2025,Nordeste,Cultivar B,MISTO,Irrigado,41.5,874.9,24.0,6.1,6.5,138.7,3.1,46.6,7.887
TAL-00688,2022,Norte,Cultivar B,Argiloso,Irrigado,84.1,605.4,24.3,9.37,5.25,174.5,,51.9,8.355
TAL-01858,2024,Sudeste,Cultivar A,Argiloso,Sequeiro,27.9,459.0,26.0,6.79,5.13,131.7,,49.3,5.939
TAL-00640,2021,Nordeste,Cultivar A,Arenoso,Sequeiro,92.4,720.1,21.4,5.63,5.4,184.7,5.32,73.0,6.44
TAL-01903,2024,Nordeste,Cultivar B,Arenoso,Irrigado,76.2,1039.6,24.8,8.32,6.0,211.5,6.25,45.6,8.486
TAL-01219,2025,Centro-Oeste,Cultivar A,Arenoso,Sequeiro,36.5,946.0,28.0,6.92,5.76,176.1,3.02,41.1,7.314
TAL-01159,2022,Sudeste,Cultivar C,Argiloso,Sequeiro,25.2,476.0,26.2,5.61,4.91,270.1,3.6,67.6,6.685
TAL-01416,2024,Centro-Oeste,Cultivar A,Argiloso,Irrigado,28.6,897.6,25.3,7.91,4.61,225.7,,76.7,8.346
TAL-01528,2021,Sudeste,Cultivar A,Arenoso,Irrigado,29.4,741.0,20.8,9.8,6.2,117.7,0.17,59.9,7.856
TAL-01668,2025,Sul,Cultivar A,Misto,Sequeiro,57.8,969.9,23.2,5.26,,147.5,4.04,68.0,7.78
TAL-01301,2025,Sul,Cultivar C,Argiloso,Sequeiro,95.6,1138.9,18.2,5.58,6.65,137.9,4.32,73.2,5.974
TAL-01886,2025,Sudeste,Cultivar A,Arenoso,Sequeiro,18.5,644.1,23.5,8.81,5.76,177.4,1.66,58.2,8.677
TAL-00801,2022,Centro-Oeste,Cultivar C,Argiloso,Sequeiro,66.9,829.6,21.9,9.35,5.39,0.0,4.8,64.1,6.934
TAL-01604,2023,Nordeste,Cultivar A,Misto,Sequeiro,11.2,758.2,17.2,8.2,6.12,212.8,,88.4,5.941
TAL-00161,2023,Sul,Cultivar A,Argiloso,Irrigado,41.1,,25.2,5.48,,182.9,2.23,50.6,8.524
TAL-00957,2024,Centro-Oeste,Cultivar A,Misto,Sequeiro,24.7,1385.9,16.4,7.3,,64.8,,64.1,3.862
TAL-01187,2024,Sudeste,Cultivar B,Arenoso,Sequeiro,153.8,614.8,21.5,6.36,6.24,284.7,2.66,62.6,8.73
TAL-00822,2023,Centro-Oeste,Cultivar B,Arenoso,Irrigado,7.5,816.8,25.7,6.59,5.98,195.7,3.2,57.1,9.787
TAL-01695,2024,Centro-Oeste,Cultivar B,Argiloso,Sequeiro,9.1,961.6,,9.39,5.32,194.3,0.53,59.1,8.331
TAL-00878,2024,Sudeste,Cultivar A,Argiloso,Sequeiro,48.8,992.3,27.1,5.29,4.59,181.1,7.14,83.1,6.609
TAL-00914,2023,Norte,Cultivar B,Misto,Irrigado,36.8,647.3,21.2,6.21,6.08,154.3,,56.5,7.903
TAL-00153,2024,Sul,Cultivar B,Argiloso,Sequeiro,219.6,665.9,21.6,2.97,6.23,224.7,0.54,76.2,9.246
TAL-01851,2022,Sul,Cultivar A,Misto,Sequeiro,38.9,1213.2,22.0,6.36,7.09,236.8,,55.5,7.685
TAL-01791,2022,Centro-Oeste,Cultivar A,Misto,Irrigado,21.1,838.4,28.4,5.44,5.31,147.3,0.64,73.6,7.526
TAL-00510,2025,Sul,Cultivar B,Arenoso,Sequeiro,2.6,1241.6,23.8,5.61,5.73,197.1,2.4,65.6,7.987
TAL-01136,2024,Sudeste,Cultivar B,Argiloso,Irrigado,69.3,1309.3,,8.17,5.9,244.2,0.57,62.2,9.825
TAL-01251,2022,Sul,Cultivar C,Argiloso,Sequeiro,105.1,917.3,24.8,10.03,5.51,138.9,2.28,65.8,8.149
TAL-01677,2024, Centro-Oeste ,Cultivar A,Arenoso,Sequeiro,81.0,1137.9,25.8,5.47,5.98,199.1,2.82,70.5,8.754
TAL-00104,2024,Norte,Cultivar C,Arenoso,Irrigado,67.5,1328.4,25.1,7.22,7.19,211.2,3.3,50.8,5.773
TAL-01446,2022,Centro-Oeste,Cultivar A,Arenoso,Irrigado,14.3,1310.6,21.7,7.86,5.33,224.1,,70.0,6.31
TAL-01444,2022,Sul,Cultivar A,Argiloso,Sequeiro,261.5,1123.8,21.4,9.1,6.47,117.8,3.21,66.4,8.132
TAL-01853,2023,Centro-Oeste,Cultivar A,Arenoso,Sequeiro,33.7,725.6,23.9,5.28,5.6,242.1,4.42,46.0,7.848
TAL-00587,2021,Sul,Cultivar A,Argiloso,Sequeiro,29.9,948.1,20.4,8.42,5.96,94.7,0.35,61.8,7.911
TAL-01783,2024,Sul,Cultivar C,ARGILOSO,Sequeiro,30.4,1466.9,22.7,10.69,5.7,176.2,0.6,54.2,7.864
TAL-01144,2024,Nordeste,Cultivar A,Misto,Sequeiro,176.1,1081.8,19.2,4.86,,334.5,,81.9,6.821
TAL-00054,2024,Centro-Oeste,Cultivar C,Argiloso,Sequeiro,17.1,529.8,21.5,5.78,6.17,267.5,2.35,54.7,6.865
TAL-00152,2023,Nordeste,Cultivar A,Argiloso,Irrigado,199.5,915.1,27.5,8.0,,153.5,4.22,86.1,5.629
TAL-00404,2025,Sul,Cultivar C,Arenoso,Sequeiro,24.5,,15.9,7.19,6.02,198.1,0.85,68.9,5.184
TAL-01958,2021,Sul,Cultivar C,Arenoso,Sequeiro,27.6,1384.4,27.2,5.49,6.9,286.3,1.71,46.7,5.284
TAL-00208,2022,Centro-Oeste,Cultivar A,Arenoso,Sequeiro,32.6,862.5,23.5,7.98,5.2,108.5,2.66,59.4,8.606
TAL-01910,2025,Nordeste,Cultivar C,Arenoso,Sequeiro,17.1,926.1,22.5,7.62,5.82,196.7,4.27,83.6,6.003
TAL-01123,2025,Nordeste,Cultivar A,Argiloso,Irrigado,33.4,,27.3,4.33,6.04,169.6,2.8,50.5,7.505
TAL-01764,2022,Sul,Cultivar A,Misto,Sequeiro,121.5,877.7,26.0,7.01,6.31,189.5,1.67,60.8,8.521
TAL-00009,2025,Sul,Cultivar A,Arenoso,Irrigado,64.1,864.9,33.0,9.09,5.16,217.4,3.01,58.5,5.065
TAL-01015,2025,Sudeste,Cultivar A,Arenoso,Sequeiro,8.4,,27.6,7.55,5.67,183.4,,63.5,7.841
TAL-01810,2024,Sul,Cultivar B,Misto,Sequeiro,36.9,752.2,25.2,7.51,5.89,270.6,5.75,63.1,9.982
TAL-01061,2025,Norte,Cultivar B,Arenoso,Sequeiro,21.6,1043.5,24.0,7.91,5.8,199.8,,62.4,9.058
TAL-00453,2022,Centro-Oeste,Cultivar B,Argiloso,Sequeiro,36.8,1177.5,25.6,5.64,6.57,196.4,4.14,53.9,8.8
TAL-01676,2021,Norte,Cultivar C,Misto,Sequeiro,11.8,1483.1,22.1,10.05,4.99,143.1,1.32,79.9,6.162
TAL-00254,2025,Sul,Cultivar B,Argiloso,Sequeiro,36.3,1093.3,26.8,9.24,6.28,123.0,,89.2,7.918
TAL-01328,2021,Centro-Oeste,Cultivar C,Misto,Sequeiro,44.7,780.4,20.9,4.88,6.19,149.5,2.14,60.9,8.016
TAL-00897,2022,Sul,Cultivar C,Arenoso,Irrigado,37.4,1481.0,25.1,7.21,5.65,131.4,,82.1,5.68
TAL-01747,2024,Centro-Oeste,Cultivar A,Arenoso,Sequeiro,38.6,316.8,27.5,4.4,6.02,171.2,4.98,78.0,5.35
TAL-00881,2024,Sudeste,Cultivar A,Arenoso,Sequeiro,8.1,932.7,23.7,7.58,6.03,287.7,1.86,84.7,8.249
TAL-01596,2023,Centro-Oeste,Cultivar C,Argiloso,Irrigado,9.7,632.1,23.9,6.29,6.41,219.9,,62.8,8.823
TAL-01904,2023,Sul,Cultivar B,Misto,Irrigado,186.7,646.2,17.9,9.74,5.76,65.1,1.55,62.3,7.217
TAL-00624,2024,Sudeste,Cultivar C,Misto,Sequeiro,60.4,699.3,27.4,7.32,6.43,130.1,3.74,61.5,6.099
TAL-00346,2023, Centro-Oeste ,Cultivar A,Misto,Sequeiro,16.7,,28.2,7.34,5.36,138.8,,59.1,7.169
TAL-01921,2022, Sudeste ,Cultivar A,Argiloso,Irrigado,61.2,705.1,21.9,7.01,6.62,157.0,1.32,70.3,8.844
TAL-00263,2025,Sudeste,Cultivar A,Arenoso,Sequeiro,62.8,1095.7,21.4,7.09,6.75,145.3,2.51,66.3,6.644
TAL-01635,2024,Norte,Cultivar B,Arenoso,Sequeiro,27.3,842.2,22.4,5.91,5.85,215.8,6.75,62.3,7.44
TAL-01322,2022,Sudeste,Cultivar A,Argiloso,Sequeiro,25.3,1036.9,27.5,8.03,5.77,132.1,,55.0,7.582
TAL-01439,2023,Norte,Cultivar A,Misto,Sequeiro,72.5,1421.4,26.3,4.69,5.93,166.2,,73.7,6.669
TAL-00151,2023,Nordeste,Cultivar B,Arenoso,Irrigado,191.4,545.0,19.2,8.15,8.13,204.3,0.18,64.3,7.139
TAL-00473,2023, Sul ,Cultivar B,Argiloso,Irrigado,30.5,880.4,21.7,5.83,4.81,85.8,3.68,40.6,6.459
TAL-00641,2022,Centro-Oeste,Cultivar B,Arenoso,Sequeiro,48.0,852.6,24.9,6.47,6.05,0.0,0.95,75.8,8.355
TAL-01998,2022,Sudeste,Cultivar A,Misto,Sequeiro,32.3,1028.4,20.6,6.6,5.91,253.5,,90.8,7.599
TAL-01898,2025,Sul,Cultivar A,Misto,Sequeiro,40.0,800.4,24.2,8.68,5.38,194.8,3.32,80.1,8.139
TAL-00551,2024,Sudeste,Cultivar B,Arenoso,Irrigado,52.5,1211.6,,9.97,6.02,149.1,1.36,63.2,9.011
TAL-01794,2021,Centro-Oeste,Cultivar A,Arenoso,Sequeiro,29.5,996.2,26.1,6.81,5.76,137.2,1.23,67.4,8.261
TAL-00929,2023,Centro-Oeste,Cultivar A,Argiloso,Sequeiro,40.6,814.2,26.8,6.05,5.49,208.4,5.98,75.2,7.076
TAL-00489,2025,Centro-Oeste,Cultivar A,Arenoso,Sequeiro,221.3,990.7,23.8,5.92,6.19,68.5,,56.7,7.327
TAL-01826,2021,Sul,Cultivar B,Arenoso,Sequeiro,89.6,831.0,21.7,5.84,6.4,197.0,4.59,58.6,9.109
TAL-01172,2024, Centro-Oeste ,Cultivar B,Argiloso,Sequeiro,6.4,915.1,21.0,5.28,6.2,251.2,0.82,50.0,8.323
TAL-00147,2022,Sudeste,Cultivar A,ARENOSO,Irrigado,15.2,925.2,22.5,7.24,6.48,139.2,3.27,71.7,8.306
TAL-01718,2021,Centro-Oeste,Cultivar C,MISTO,Irrigado,13.5,665.7,,5.84,5.85,34.9,2.67,78.4,6.813
TAL-01944,2024, Sul ,Cultivar B,Misto,Sequeiro,296.9,978.6,20.9,6.12,5.41,189.8,1.28,79.0,9.133
TAL-00403,2024,Centro-Oeste,Cultivar B,Arenoso,Sequeiro,34.7,467.7,27.3,6.2,5.43,156.7,4.32,61.4,7.514
TAL-00955,2023,Norte,Cultivar B,Arenoso,Irrigado,15.4,720.7,23.7,10.1,5.95,197.2,0.9,52.9,9.484
TAL-01893,2021,Centro-Oeste,Cultivar B,ARGILOSO,Sequeiro,19.0,1189.9,23.4,7.33,6.55,324.7,6.47,84.6,8.759
TAL-00660,2023,Sudeste,Cultivar A,Arenoso,Sequeiro,64.0,1211.3,21.3,7.66,6.6,213.8,2.81,67.4,8.006
TAL-01373,2024,Sudeste,Cultivar C,Arenoso,Sequeiro,31.8,1365.6,25.8,9.6,5.57,197.7,3.48,74.0,5.912
TAL-00464,2025,Sudeste,Cultivar B,Misto,Sequeiro,76.1,1183.9,20.5,7.05,6.81,81.4,3.78,41.8,6.605
TAL-01350,2021,Sul,Cultivar A,Arenoso,Sequeiro,23.3,678.1,28.0,6.97,6.14,114.9,,52.2,7.658
TAL-00187,2023,Sudeste,Cultivar C,Arenoso,Irrigado,174.2,513.2,22.8,4.69,5.04,106.3,2.46,54.1,6.709
TAL-01148,2023,Nordeste,Cultivar B,Argiloso,Irrigado,32.7,410.1,23.9,7.68,5.95,205.0,0.24,57.6,9.496
TAL-01225,2021,Sul,Cultivar A,Argiloso,Irrigado,55.6,1197.5,22.8,4.92,,190.7,2.45,81.9,7.569
TAL-00609,2022,Centro-Oeste,Cultivar B,Arenoso,Sequeiro,15.2,1087.7,23.1,3.46,5.29,164.8,5.55,69.5,8.389
TAL-00144,2022,Centro-Oeste,Cultivar C,Argiloso,Sequeiro,45.7,362.6,26.9,5.22,6.45,145.0,,56.8,6.56
TAL-00752,2023,Sudeste,Cultivar B,Argiloso,Sequeiro,42.0,150.0,25.6,7.68,6.46,297.5,2.49,49.1,7.282
TAL-01535,2025,Sul,Cultivar B,Misto,Sequeiro,3.4,1094.6,27.5,7.47,6.24,261.5,0.12,73.7,8.549
TAL-00982,2024,Nordeste,Cultivar A,Arenoso,Irrigado,27.0,749.0,23.8,9.22,5.86,155.0,0.55,61.7,7.381
TAL-00198,2022,Nordeste,Cultivar B,Misto,Sequeiro,58.6,1068.9,21.5,7.94,,177.7,0.53,37.3,7.461
TAL-01634,2022,Centro-Oeste,Cultivar A,Arenoso,Sequeiro,33.0,1010.9,24.1,7.32,6.54,256.0,3.91,57.3,8.635
TAL-00884,2021,Sudeste,Cultivar A,Arenoso,Irrigado,26.1,825.0,20.5,4.93,7.35,256.9,1.07,50.6,8.122
TAL-00280,2022,Nordeste,Cultivar B,Argiloso,Sequeiro,18.6,1157.2,21.0,7.32,6.2,189.9,2.48,68.3,8.074
TAL-00294,2021,Sul,Cultivar A,Argiloso,Irrigado,5.0,1209.1,23.4,8.11,7.09,164.6,,93.3,8.073
TAL-01838,2023,Sudeste,Cultivar A,Argiloso,Irrigado,23.2,1143.3,22.1,6.74,5.81,113.7,1.78,46.1,7.048
TAL-00401,2023,Sudeste,Cultivar B,Misto,Sequeiro,26.9,876.4,20.4,5.13,7.15,188.7,,55.9,6.269
TAL-00123,2024,Sul,Cultivar A,Misto,Irrigado,47.2,781.7,17.0,5.35,5.42,160.1,4.96,51.8,4.799
TAL-01208,2023,Sudeste,Cultivar A,Misto,Sequeiro,107.9,996.0,,5.59,5.27,283.1,4.96,83.5,7.342
TAL-00203,2022,Centro-Oeste,Cultivar C,Arenoso,Sequeiro,97.1,987.5,,7.51,5.26,252.0,2.23,59.3,8.667
TAL-01463,2022,Sul,Cultivar A,Arenoso,Sequeiro,40.2,1000.2,26.6,10.39,6.1,209.0,,66.4,8.372
TAL-00836,2021,Centro-Oeste,Cultivar B,Misto,Sequeiro,33.5,812.1,25.6,7.66,4.72,268.5,4.97,68.9,10.11
TAL-00247,2022,Centro-Oeste,Cultivar A,Misto,Irrigado,19.4,867.3,23.4,8.2,5.12,210.4,4.29,59.9,7.852
TAL-01440,2022,Norte,Cultivar B,Arenoso,Irrigado,72.8,477.5,25.1,8.91,7.01,225.1,3.55,53.2,9.133
TAL-01767,2022,Norte,Cultivar B,Argiloso,Irrigado,199.3,1160.7,23.1,7.62,5.08,170.2,2.37,84.9,7.415
TAL-01917,2024,Centro-Oeste,Cultivar B,Misto,Irrigado,21.7,909.6,,4.89,5.39,313.3,2.82,72.0,8.89
TAL-01708,2025,Sudeste,Cultivar B,Misto,Sequeiro,52.5,812.5,30.5,6.6,,180.5,2.82,74.6,6.966
TAL-01929,2025,Sul,Cultivar A,Misto,Sequeiro,36.5,885.4,25.5,7.82,5.99,98.7,,63.4,7.635
TAL-01154,2025,Sul,Cultivar A,Arenoso,Sequeiro,27.2,636.9,21.6,7.49,6.81,97.7,4.83,76.0,6.626
TAL-01662,2024,Centro-Oeste,Cultivar C,Arenoso,Irrigado,7.0,323.0,27.8,4.81,5.63,212.8,0.8,66.4,6.876
TAL-01427,2021,Sul,Cultivar A,Misto,Irrigado,22.1,580.8,25.9,6.64,6.62,266.6,0.38,59.3,8.982
TAL-00385,2022,Sudeste,Cultivar A,Misto,Sequeiro,73.0,773.9,28.9,7.81,5.89,240.5,5.9,69.7,6.781
TAL-01772,2024,Centro-Oeste,Cultivar C,Misto,Sequeiro,189.1,937.6,24.2,7.08,6.01,267.9,7.99,83.3,6.876
TAL-00855,2024,Sul,Cultivar B,Arenoso,Sequeiro,84.8,460.4,25.4,5.92,4.72,205.0,3.7,65.3,7.842
TAL-01590,2021,Sul,Cultivar A,Argiloso,Sequeiro,12.2,948.3,24.9,8.15,4.95,170.2,0.56,63.3,9.137
TAL-00220,2025,Sudeste,Cultivar A,Argiloso,Sequeiro,70.2,612.1,18.0,7.01,6.97,171.1,4.63,58.4,6.051
TAL-00642,2025,Nordeste,Cultivar B,Arenoso,Irrigado,22.6,1207.8,24.6,9.3,6.06,199.7,2.56,80.7,7.864
TAL-00002,2025,Sudeste,Cultivar A,Argiloso,Sequeiro,101.2,842.7,27.3,8.81,6.3,187.1,5.6,66.0,7.998
TAL-00113,2025,Sudeste,Cultivar A,Misto,Sequeiro,45.2,473.0,25.5,7.31,6.54,266.0,,64.8,8.065
TAL-00699,2022,Centro-Oeste,Cultivar A,Argiloso,Irrigado,47.5,550.7,30.5,7.56,5.35,118.7,2.24,66.6,6.506
TAL-01931,2021,Centro-Oeste,Cultivar B,Misto,Sequeiro,29.3,649.7,26.6,8.67,5.57,158.1,2.85,75.6,9.114
TAL-00952,2023,Sul,Cultivar B,Argiloso,Irrigado,74.6,412.3,19.5,7.56,,260.4,1.03,43.9,8.642
TAL-01649,2022,Nordeste,Cultivar A,Argiloso,Sequeiro,17.2,918.1,26.1,6.61,,159.2,3.65,44.7,7.104
TAL-01637,2024,Sudeste,Cultivar C,Arenoso,Sequeiro,34.2,557.9,20.6,7.2,7.43,304.0,0.36,71.0,6.523
TAL-01762,2021,Sul,Cultivar A,Misto,Irrigado,51.5,985.5,24.7,7.32,5.48,194.1,2.49,71.2,7.381
TAL-01411,2023,Nordeste,Cultivar B,Arenoso,Irrigado,30.1,639.4,19.5,3.33,5.15,178.5,5.33,63.8,6.098
TAL-01410,2024, Centro-Oeste ,Cultivar A,Misto,Sequeiro,131.5,819.1,21.0,7.28,6.21,135.8,,61.6,7.948
TAL-01534,2023,Centro-Oeste,Cultivar A,Arenoso,Sequeiro,52.3,1082.6,25.9,6.57,5.52,99.9,2.13,53.3,8.059
TAL-01292,2025,Centro-Oeste,Cultivar B,Argiloso,Sequeiro,13.9,674.2,16.1,8.21,6.2,213.8,3.54,64.1,7.554
TAL-01823,2023, Centro-Oeste ,Cultivar B,Argiloso,Sequeiro,93.1,695.3,19.9,7.6,5.94,133.6,4.61,57.6,7.602
TAL-00442,2022,Sul,Cultivar A,Arenoso,Irrigado,12.1,425.3,24.8,5.47,5.41,220.4,2.21,64.2,8.45
TAL-01521,2025,Sudeste,Cultivar B,Argiloso,Sequeiro,8.4,1115.5,22.4,6.5,6.12,341.6,0.49,62.0,9.502
TAL-01137,2023,Sudeste,Cultivar C,Arenoso,Sequeiro,17.4,575.6,29.2,9.41,6.89,193.7,2.64,87.0,5.763
TAL-01716,2023,Centro-Oeste,Cultivar C,Arenoso,Sequeiro,54.7,1014.3,,8.94,6.17,319.5,4.25,54.9,5.783
TAL-01257,2023,Centro-Oeste,Cultivar A,Argiloso,Sequeiro,24.3,595.5,26.3,8.39,5.61,159.7,3.62,69.0,8.261
TAL-01878,2025,Sudeste,Cultivar C,Arenoso,Irrigado,37.5,853.2,,6.52,6.39,338.3,3.25,66.8,7.34
TAL-01632,2025,Nordeste,Cultivar C,ARENOSO,Irrigado,14.5,439.4,25.6,8.3,6.66,98.5,6.08,44.1,6.029
TAL-01696,2023,Centro-Oeste,Cultivar A,Arenoso,Sequeiro,7.4,890.7,27.0,9.15,6.58,305.6,2.4,75.5,8.33
TAL-01398,2025,Nordeste,Cultivar A,Arenoso,Sequeiro,10.9,832.2,23.3,5.18,5.8,186.1,1.93,73.3,7.362
TAL-00664,2025,Sul,Cultivar A,Arenoso,Irrigado,91.7,1122.2,19.9,6.85,,299.1,3.71,65.1,7.023
TAL-01850,2021,Centro-Oeste,Cultivar A,Misto,Irrigado,24.8,779.9,21.4,5.37,6.41,238.0,4.3,70.0,9.152
TAL-01258,2025,Nordeste,Cultivar A,Argiloso,Irrigado,131.8,644.1,23.8,7.73,6.86,74.0,2.62,59.6,6.171
TAL-01788,2023, Centro-Oeste ,Cultivar A,Misto,Irrigado,102.8,907.7,28.6,6.72,5.84,138.3,1.98,51.6,7.388
TAL-01701,2021,Nordeste,Cultivar C,Misto,Sequeiro,16.0,520.1,22.7,7.04,5.52,132.8,1.47,56.3,5.368
TAL-00318,2025,Centro-Oeste,Cultivar B,Misto,Irrigado,126.8,1090.0,31.9,3.33,5.52,99.8,2.11,55.7,5.184
TAL-00649,2023,Centro-Oeste,Cultivar B,Arenoso,Irrigado,27.3,1276.6,30.9,7.36,4.69,275.1,,53.9,6.442
TAL-01435,2025,Sul,Cultivar A,Argiloso,Sequeiro,13.0,810.2,24.3,8.24,5.8,218.8,3.71,61.8,9.071
TAL-01480,2024,Sudeste,Cultivar B,Misto,Irrigado,38.7,865.3,21.9,5.65,7.01,211.3,3.91,69.1,8.821
TAL-00710,2023,Sudeste,Cultivar B,Arenoso,Sequeiro,22.5,1118.9,26.1,7.61,6.85,109.9,,80.2,7.976
TAL-01383,2023,Centro-Oeste,Cultivar C,Misto,Irrigado,96.2,1069.3,24.9,6.35,5.02,226.3,2.21,76.6,8.457
TAL-01283,2023,Sudeste,Cultivar A,Misto,Sequeiro,22.1,,24.7,4.99,6.49,216.6,,69.4,7.404
TAL-01769,2024,Sul,Cultivar B,Argiloso,Irrigado,13.7,718.0,24.9,8.49,,227.0,1.95,65.1,10.179
TAL-00973,2025,Sul,Cultivar A,Arenoso,Sequeiro,31.1,1233.8,28.3,8.6,6.35,176.8,4.36,63.1,6.143
TAL-00628,2025,Sul,Cultivar A,Arenoso,Sequeiro,55.3,509.4,19.4,5.74,4.8,121.9,1.61,59.2,5.347
TAL-00633,2021,Sul,Cultivar C,Arenoso,Irrigado,14.0,1076.0,29.0,5.92,6.59,248.7,0.37,27.4,5.468
TAL-01307,2025,Centro-Oeste,Cultivar A,Misto,Sequeiro,2.3,1263.4,23.9,7.06,6.85,160.8,3.36,68.9,8.119
TAL-01401,2024,Sudeste,Cultivar A,Argiloso,Sequeiro,27.7,1308.9,26.4,6.64,6.24,205.9,2.07,77.5,7.24
TAL-01409,2024,Nordeste,Cultivar B,Arenoso,Sequeiro,64.5,993.8,31.3,6.05,5.54,162.6,2.54,72.5,5.938
TAL-01249,2024,Nordeste,Cultivar C,Arenoso,Irrigado,31.3,710.0,22.1,5.97,5.78,244.3,,62.4,6.757
TAL-01968,2024,Nordeste,Cultivar A,Arenoso,Irrigado,71.6,575.2,24.8,7.84,6.44,235.8,4.48,62.3,8.323
TAL-01255,2025,Sul,Cultivar A,Misto,Sequeiro,207.0,1494.9,23.5,4.5,6.16,178.6,4.95,52.6,5.881
TAL-01497,2021,Nordeste,Cultivar B,Misto,Sequeiro,77.1,602.2,25.8,5.22,6.12,190.9,,76.4,6.729
TAL-01372,2021,Norte,Cultivar A,Misto,Irrigado,26.3,571.2,19.4,7.53,5.38,103.1,2.43,79.0,6.346
TAL-01530,2022,Sul,Cultivar A,Misto,Sequeiro,10.6,1124.5,27.6,7.24,5.36,251.8,,53.9,7.73
TAL-01664,2025,Sul,Cultivar B,ARENOSO,Irrigado,25.3,748.8,19.8,8.74,4.54,194.5,4.24,42.9,8.987
TAL-01355,2024,Nordeste,Cultivar A,Misto,Sequeiro,19.1,821.8,24.6,8.49,6.28,262.2,3.39,56.3,7.79
TAL-01941,2025,Sul,Cultivar A,Argiloso,Sequeiro,26.3,1164.1,24.4,6.96,5.08,235.4,3.57,55.3,8.23
TAL-01916,2022,Sul,Cultivar A,Argiloso,Irrigado,6.7,853.4,24.9,6.99,5.94,195.9,4.71,61.9,8.595
TAL-01644,2021,Sul,Cultivar A,Argiloso,Irrigado,22.1,,29.6,7.96,6.52,119.1,3.09,68.4,6.459
TAL-01883,2024,Sudeste,Cultivar B,MISTO,Sequeiro,58.5,852.4,26.1,10.13,5.82,138.5,5.18,65.5,9.06
TAL-00796,2024,Sudeste,Cultivar B,Arenoso,Sequeiro,4.5,589.3,24.9,7.55,6.4,132.7,5.4,67.9,8.137
TAL-00646,2023,Nordeste,Cultivar C,Misto,Sequeiro,32.5,362.5,22.3,6.73,6.55,178.7,2.0,62.2,5.952
TAL-01013,2025,Sudeste,Cultivar B,Arenoso,Sequeiro,57.4,919.5,24.8,8.38,6.5,166.9,4.58,45.7,8.97
TAL-01854,2022,Centro-Oeste,Cultivar A,Arenoso,Sequeiro,11.2,950.9,27.1,9.49,5.59,157.5,2.08,66.0,9.014
TAL-00557,2024,Sudeste,Cultivar A,Misto,Irrigado,12.6,685.7,24.1,7.73,6.71,138.7,3.82,75.5,7.771
TAL-00682,2024,Sul,Cultivar C,Arenoso,Irrigado,36.0,673.1,29.9,6.7,5.73,258.3,0.63,71.8,6.549
TAL-00578,2022,Centro-Oeste,Cultivar C,Arenoso,Irrigado,15.2,941.3,24.0,6.77,5.13,162.4,4.02,51.9,7.419
TAL-01110,2023,Sul,Cultivar C,Misto,Sequeiro,54.0,1324.2,28.1,8.3,6.41,174.2,2.86,61.8,5.946
TAL-01267,2023,Sul,Cultivar A,Arenoso,Sequeiro,132.9,1522.9,30.9,6.63,6.45,287.9,1.92,80.1,3.997
TAL-01723,2023,Centro-Oeste,Cultivar C,Arenoso,Sequeiro,51.2,893.3,23.4,7.51,5.37,182.3,0.28,78.0,7.739
TAL-01184,2025,Sul,Cultivar A,Argiloso,Sequeiro,105.3,700.2,25.2,7.3,6.88,120.9,5.3,71.2,7.803
TAL-00525,2021,Sul,Cultivar C,Argiloso,Sequeiro,28.9,896.7,27.5,8.43,5.23,261.8,1.14,60.3,8.555
TAL-01060,2025,Centro-Oeste,Cultivar A,Arenoso,Sequeiro,122.2,1328.0,24.5,7.39,5.79,101.9,,72.1,7.216
TAL-00541,2022,Norte,Cultivar B,Arenoso,Irrigado,56.5,936.3,27.6,7.65,6.26,40.3,3.64,81.3,6.697
TAL-01195,2023,Nordeste,Cultivar B,MISTO,Irrigado,158.2,248.4,24.8,9.13,6.92,270.7,4.1,75.0,8.288
TAL-01679,2023,Nordeste,Cultivar A,Misto,Irrigado,19.0,1012.5,26.7,6.41,5.74,162.7,7.84,57.9,5.811
TAL-00749,2025,Centro-Oeste,Cultivar A,Misto,Sequeiro,47.9,1040.9,23.2,8.3,5.61,80.8,7.08,62.7,7.936
TAL-01866,2023,Nordeste,Cultivar A,Arenoso,Sequeiro,104.2,780.9,24.5,7.5,5.08,123.4,0.57,58.1,7.301
TAL-01431,2023,Norte,Cultivar B,Argiloso,Irrigado,39.9,650.1,23.4,5.39,4.5,201.2,0.1,50.5,8.162
TAL-00485,2025,Sul,Cultivar C,Misto,Irrigado,90.8,991.4,22.8,8.54,5.62,118.1,1.92,78.3,7.886
TAL-01758,2023,Norte,Cultivar A,Argiloso,Sequeiro,113.5,879.2,21.8,7.1,6.2,160.9,1.45,83.0,7.303
TAL-00096,2025,Centro-Oeste,Cultivar A,Arenoso,Sequeiro,64.9,1057.5,29.6,6.18,6.11,77.4,2.49,67.5,6.838
TAL-01021,2022,Nordeste,Cultivar A,Misto,Irrigado,39.7,758.9,20.7,7.32,6.08,160.0,5.37,73.0,8.131
TAL-00564,2022,Centro-Oeste,Cultivar B,Misto,Irrigado,29.1,948.5,27.7,7.53,5.72,212.9,0.46,68.8,8.943
TAL-01265,2022,Centro-Oeste,Cultivar A,Argiloso,Sequeiro,385.1,1143.2,17.7,5.32,,175.2,1.87,60.9,5.766
TAL-00743,2022,Nordeste,Cultivar A,Misto,Sequeiro,57.1,1037.4,17.8,8.07,5.83,170.8,4.21,60.9,4.94
TAL-00864,2024,Centro-Oeste,Cultivar A,Misto,Sequeiro,29.7,669.3,26.0,9.83,6.01,176.1,4.68,60.2,8.587
TAL-01599,2024,Nordeste,Cultivar C,Argiloso,Sequeiro,34.1,925.1,18.5,5.83,5.89,227.7,3.55,57.1,5.101
TAL-01715,2021,Sudeste,Cultivar C,Arenoso,Sequeiro,17.9,625.2,27.5,6.39,6.57,143.5,,66.6,5.409
TAL-01485,2024,Centro-Oeste,Cultivar B,Misto,Sequeiro,101.2,1023.4,23.5,7.12,6.42,235.8,,70.1,8.97
TAL-00892,2024,Norte,Cultivar C,Arenoso,Sequeiro,45.4,1289.4,26.4,5.5,5.38,248.1,5.43,57.1,6.491
TAL-01578,2024,Nordeste,Cultivar A,Argiloso,Sequeiro,16.2,1211.7,24.2,9.39,5.6,273.7,3.35,58.7,7.532
TAL-01039,2023,Sudeste,Cultivar A,Misto,Irrigado,26.5,987.8,23.9,10.58,6.65,159.7,,64.1,8.78
TAL-00207,2023,Sul,Cultivar B,Arenoso,Sequeiro,18.5,687.6,19.7,10.26,5.22,166.0,3.87,93.2,8.049
TAL-00393,2023,Centro-Oeste,Cultivar A,Argiloso,Sequeiro,19.2,934.8,28.0,7.77,4.53,270.8,3.64,60.5,8.779
TAL-00795,2024,Sul,Cultivar C,Arenoso,Sequeiro,76.2,917.5,22.9,6.69,5.75,228.2,0.64,72.2,8.331
TAL-00871,2024, Centro-Oeste ,Cultivar B,Argiloso,Irrigado,129.9,792.0,28.7,6.93,6.75,96.0,1.68,68.8,8.453
TAL-00398,2024,Sudeste,Cultivar A,MISTO,Sequeiro,23.9,902.3,22.6,9.53,,170.5,,68.8,9.591
TAL-00767,2025,Sul,Cultivar A,Argiloso,Irrigado,132.5,1011.5,19.4,6.71,5.03,146.7,1.1,58.8,7.739
TAL-01856,2021,Norte,Cultivar A,Misto,Irrigado,95.6,1121.1,24.2,8.22,5.68,193.0,0.71,62.6,8.188
TAL-01242,2023,Sudeste,Cultivar B,Arenoso,Sequeiro,53.3,951.6,23.0,7.99,6.1,158.4,,79.8,9.42
TAL-01029,2021,Centro-Oeste,Cultivar B,Argiloso,Sequeiro,15.9,520.7,27.6,11.1,6.14,254.8,2.55,65.0,10.292
TAL-01793,2021,Sul,Cultivar A,ARENOSO,Sequeiro,78.9,953.3,20.3,9.49,6.24,113.4,1.37,60.9,8.244
TAL-00643,2021,Sul,Cultivar B,Argiloso,Sequeiro,41.3,717.0,24.1,4.3,6.39,224.8,1.81,82.1,8.358
TAL-01907,2024,Sudeste,Cultivar C,Argiloso,Sequeiro,35.0,1299.3,17.2,5.27,5.47,198.0,4.11,49.8,5.449
TAL-00613,2024,Norte,Cultivar A,Argiloso,Sequeiro,22.1,731.5,18.5,6.13,6.24,53.0,,58.8,6.085
TAL-01763,2024,Sul,Cultivar A,Argiloso,Sequeiro,22.1,1152.5,31.0,8.27,5.19,202.2,,60.3,6.358
TAL-00961,2022,Centro-Oeste,Cultivar B,ARENOSO,Sequeiro,13.2,748.7,27.0,6.63,5.97,157.7,1.46,75.4,9.29
TAL-01571,2021,Sudeste,Cultivar B,Arenoso,Irrigado,47.0,719.8,24.1,7.52,5.67,206.0,3.85,80.0,9.429
TAL-00726,2025,Sul,Cultivar B,Arenoso,Sequeiro,62.1,746.7,,6.12,6.84,160.3,2.52,48.1,7.838
TAL-00684,2025,Sudeste,Cultivar B,Argiloso,Irrigado,46.7,853.0,25.7,4.94,5.32,149.2,,89.0,7.502
TAL-00099,2023,Sul,Cultivar A,Argiloso,Sequeiro,115.5,823.9,20.5,8.55,6.17,131.5,1.33,69.1,8.177
TAL-00805,2025,Sul,Cultivar A,Misto,Irrigado,41.6,587.6,23.3,7.32,5.82,201.8,1.03,70.1,8.334
TAL-01752,2025,Sul,Cultivar B,Argiloso,Sequeiro,36.3,857.3,27.6,8.18,6.54,201.6,,54.0,9.518
TAL-01598,2023,Sul,Cultivar C,Argiloso,Irrigado,13.0,1100.1,24.1,7.99,5.96,183.5,4.71,62.3,7.381
TAL-00407,2022,Sudeste,Cultivar B,Misto,Irrigado,5.5,967.9,18.7,6.96,6.08,138.0,5.1,67.8,7.391
TAL-00503,2022,Norte,Cultivar C,Argiloso,Sequeiro,24.8,1248.4,23.3,6.12,6.96,169.0,1.8,50.4,6.535
TAL-01072,2022,Centro-Oeste,Cultivar C,Arenoso,Sequeiro,24.2,594.3,,7.02,5.7,108.6,0.85,66.6,6.36
TAL-01057,2024,Nordeste,Cultivar B,Argiloso,Irrigado,21.6,1104.0,23.5,8.09,4.88,105.0,1.74,47.1,6.643
TAL-00930,2023,Centro-Oeste,Cultivar B,Arenoso,Irrigado,71.9,150.0,20.2,6.07,6.39,283.1,2.41,77.4,7.194
TAL-00780,2022,Nordeste,Cultivar A,Argiloso,Irrigado,14.3,812.5,27.4,3.09,5.19,42.2,1.21,67.0,5.366
TAL-00201,2021,Centro-Oeste,Cultivar A,Arenoso,Sequeiro,93.1,941.4,27.9,8.11,5.39,177.6,0.96,80.1,8.88
TAL-00135,2022,Centro-Oeste,Cultivar B,Argiloso,Sequeiro,50.7,982.9,25.3,7.14,6.44,159.0,3.14,74.1,9.363
TAL-01052,2024,Sul,Cultivar A,Argiloso,Sequeiro,45.4,494.1,28.5,7.89,6.16,173.1,5.36,62.9,7.76
TAL-00041,2022,Sudeste,Cultivar A,Argiloso,Sequeiro,8.3,900.9,24.0,6.1,7.1,204.1,4.49,66.5,8.327
TAL-01018,2023,Nordeste,Cultivar A,Argiloso,Sequeiro,25.5,1283.2,19.5,4.34,6.35,163.1,4.68,66.3,5.398
TAL-00231,2022,Sul,Cultivar A,Misto,Irrigado,31.0,536.7,24.6,9.1,6.29,169.7,2.58,59.5,8.715
TAL-01514,2025,Centro-Oeste,Cultivar C,Arenoso,Irrigado,32.6,599.6,21.3,6.91,5.93,138.0,2.03,72.1,8.315
TAL-01797,2021,Centro-Oeste,Cultivar B,Argiloso,Sequeiro,61.1,1176.9,21.5,8.5,4.81,189.0,5.53,50.7,8.771
TAL-00379,2023,Sudeste,Cultivar A,Misto,Sequeiro,386.2,310.1,31.3,6.2,5.12,55.0,0.69,61.7,2.856
TAL-00289,2023,Centro-Oeste,Cultivar A,Misto,Sequeiro,11.9,852.6,24.3,5.87,5.93,135.0,0.9,56.3,8.689
TAL-00419,2022,Sul,Cultivar A,Arenoso,Irrigado,12.4,634.3,22.8,8.88,6.11,106.0,3.45,68.0,8.968
TAL-01699,2022,Norte,Cultivar A,Misto,Sequeiro,5.8,933.8,28.0,7.43,5.56,168.4,,64.7,6.882
TAL-00392,2023,Sul,Cultivar B,Misto,Sequeiro,16.2,284.2,27.7,8.23,6.27,218.6,,83.8,7.546
TAL-00593,2025,Sudeste,Cultivar B,Argiloso,Sequeiro,17.8,961.4,21.6,8.27,6.68,111.3,6.65,53.5,8.05
TAL-01523,2021,Nordeste,Cultivar A,ARGILOSO,Sequeiro,8.9,579.1,23.7,6.85,6.89,254.5,,62.7,6.848
TAL-01163,2024,Nordeste,Cultivar A,Arenoso,Sequeiro,70.9,736.1,23.5,5.34,6.42,240.1,4.27,65.7,6.918
TAL-01087,2022,Centro-Oeste,Cultivar A,Misto,Irrigado,68.5,1222.6,26.0,6.56,6.53,228.1,0.8,75.6,7.664
TAL-01496,2022,Centro-Oeste,Cultivar C,Arenoso,Irrigado,32.4,847.0,21.2,6.29,5.06,190.1,,56.2,7.672
TAL-00648,2022,Centro-Oeste,Cultivar B,Arenoso,Sequeiro,7.8,810.4,28.1,7.84,5.63,186.5,4.77,64.4,7.945
TAL-01153,2023,Sul,Cultivar A,Argiloso,Irrigado,46.9,150.0,21.2,5.77,5.99,231.4,6.58,52.4,6.172
TAL-01368,2025,Sul,Cultivar B,Misto,Irrigado,10.6,524.6,27.4,8.87,5.86,257.5,0.49,66.3,9.403
TAL-00521,2024,Nordeste,Cultivar A,Arenoso,Irrigado,25.8,1380.5,26.6,9.42,,159.7,1.91,49.2,5.573
TAL-01863,2021,Norte,Cultivar B,Argiloso,Sequeiro,26.6,1196.6,25.1,5.32,5.41,176.5,1.26,43.8,7.791
TAL-01881,2022,Centro-Oeste,Cultivar B,Arenoso,Sequeiro,26.6,990.1,20.1,8.93,6.63,140.7,2.04,68.8,9.603
TAL-00065,2025,Centro-Oeste,Cultivar A,Arenoso,Sequeiro,30.8,873.8,28.2,5.77,6.19,255.7,1.03,65.1,8.341
TAL-01837,2022,Sul,Cultivar B,Misto,Sequeiro,10.3,851.4,21.5,7.44,6.53,225.4,0.28,80.0,9.78
TAL-00015,2021,Sudeste,Cultivar A,Argiloso,Sequeiro,20.4,958.7,20.6,8.72,5.98,102.0,1.7,44.6,7.983
TAL-01181,2023,Centro-Oeste,Cultivar C,Argiloso,Sequeiro,39.1,1023.0,23.9,8.29,5.04,169.2,1.27,61.1,7.923
TAL-01065,2022,Sudeste,Cultivar A,Misto,Sequeiro,24.9,1079.7,24.3,8.33,5.21,58.7,6.26,54.5,5.621
TAL-00493,2023,Centro-Oeste,Cultivar A,Misto,Irrigado,61.0,906.4,31.4,7.12,6.98,207.4,6.96,61.2,5.868
TAL-00380,2023,Centro-Oeste,Cultivar B,Arenoso,Sequeiro,43.1,946.4,22.2,6.15,5.83,120.6,,65.9,9.541
TAL-00188,2023,Sul,Cultivar B,Arenoso,Sequeiro,64.9,942.4,21.7,6.88,5.9,238.5,2.37,62.4,9.23
TAL-00764,2024,Sul,Cultivar A,Argiloso,Irrigado,172.8,1345.6,22.4,4.61,6.3,233.5,5.41,53.8,7.867
TAL-00217,2025,Sul,Cultivar A,Argiloso,Sequeiro,83.3,832.2,28.0,7.8,,235.0,3.5,56.4,7.674
TAL-00792,2025,Sudeste,Cultivar A,Arenoso,Sequeiro,21.9,789.3,29.3,5.42,5.32,68.0,,61.0,5.502
TAL-01077,2025,Centro-Oeste,Cultivar A,Argiloso,Sequeiro,13.3,,23.2,7.61,6.74,81.5,,58.7,8.823
TAL-00879,2022,Centro-Oeste,Cultivar B,Argiloso,Irrigado,20.8,919.0,16.2,6.22,5.62,270.7,3.54,83.2,6.404
TAL-00338,2021,Centro-Oeste,Cultivar A,Arenoso,Sequeiro,42.3,591.4,22.6,5.56,6.26,196.4,1.72,62.1,8.607
TAL-01773,2024,Centro-Oeste,Cultivar B,Arenoso,Sequeiro,90.8,987.9,23.8,9.33,6.41,254.8,5.71,76.0,9.879
TAL-00720,2021,Norte,Cultivar B,Arenoso,Sequeiro,127.3,621.6,23.9,6.5,5.19,252.5,0.2,50.3,8.381
TAL-01749,2025,Sudeste,Cultivar A,Misto,Sequeiro,61.5,350.5,23.4,8.75,5.53,145.8,0.8,72.6,7.857
TAL-00296,2023, Nordeste ,Cultivar A,Argiloso,Irrigado,16.3,419.3,25.8,6.73,5.6,160.6,2.01,56.6,6.904
TAL-01726,2025,Sul,Cultivar B,Misto,Sequeiro,76.1,812.3,26.9,6.62,6.71,58.1,2.97,64.1,7.868
TAL-01017,2024,Centro-Oeste,Cultivar C,Argiloso,Sequeiro,3.7,532.2,25.2,7.69,4.94,126.3,,48.4,6.639
TAL-01276,2021,Sudeste,Cultivar C,Misto,Irrigado,22.5,684.6,26.9,6.93,6.26,294.6,0.9,66.4,8.028
TAL-01751,2025,Centro-Oeste,Cultivar A,Arenoso,Irrigado,116.4,1305.2,24.6,8.14,6.88,317.1,2.26,78.7,7.912
TAL-01486,2022,Sul,Cultivar B,Misto,Irrigado,49.3,991.9,22.0,6.13,5.87,196.7,1.94,61.4,9.277
TAL-00456,2021,Sul,Cultivar B,Arenoso,Irrigado,27.2,868.0,27.3,5.52,6.09,301.5,3.42,57.3,9.019
TAL-01293,2024,Centro-Oeste,Cultivar B,Misto,Irrigado,34.6,1077.2,26.0,6.1,6.8,155.7,3.92,61.5,9.178
TAL-00816,2022,Nordeste,Cultivar B,Arenoso,Sequeiro,119.7,1019.2,30.7,7.7,6.79,158.9,2.32,70.6,5.64
TAL-01887,2024,Sul,Cultivar C,Arenoso,Sequeiro,46.4,894.1,20.5,6.12,6.68,152.9,2.6,54.7,6.962
TAL-00270,2023,Sul,Cultivar C,Misto,Sequeiro,15.2,371.3,25.9,7.49,5.53,215.4,,81.8,6.454
TAL-00996,2025,Sudeste,Cultivar A,Arenoso,Irrigado,60.3,764.6,23.9,5.8,6.23,226.7,6.1,44.1,7.444
TAL-00202,2025,Norte,Cultivar C,Misto,Sequeiro,113.7,960.3,28.2,6.94,6.09,129.3,2.84,47.3,6.271
TAL-00162,2024,Nordeste,Cultivar A,Arenoso,Sequeiro,9.2,1078.3,30.5,8.07,5.78,98.9,5.21,42.0,4.107
TAL-01580,2021,Nordeste,Cultivar A,Misto,Sequeiro,59.4,694.2,22.4,8.3,5.74,69.3,4.26,58.4,6.362
TAL-00730,2023,Centro-Oeste,Cultivar C,Argiloso,Sequeiro,244.8,177.0,20.4,8.63,5.69,173.3,3.16,74.8,5.49
TAL-00402,2022, Nordeste ,Cultivar B,Argiloso,Sequeiro,34.4,1131.0,24.4,6.86,6.37,145.6,1.06,58.3,8.717
TAL-00703,2022,Sul,Cultivar A,Arenoso,Irrigado,58.5,1215.5,27.0,5.35,5.9,18.9,2.34,40.5,6.077
TAL-01501,2024,Centro-Oeste,Cultivar A,Arenoso,Sequeiro,74.2,927.4,24.1,9.41,5.95,165.8,3.48,88.6,8.418
TAL-01846,2024,Centro-Oeste,Cultivar B,Misto,Sequeiro,53.7,613.7,22.1,8.12,6.07,255.5,,63.9,8.693
TAL-01796,2024,Sudeste,Cultivar B,Argiloso,Irrigado,26.8,867.9,28.5,6.37,6.17,126.2,3.31,56.8,8.222
TAL-01130,2024,Norte,Cultivar C,Misto,Sequeiro,37.0,850.7,26.4,5.79,5.55,228.2,,58.9,7.033
TAL-00566,2023,Centro-Oeste,Cultivar A,Argiloso,Irrigado,41.5,863.9,22.7,8.98,6.61,142.3,2.76,59.5,9.288
TAL-01414,2025,Norte,Cultivar A,Arenoso,Sequeiro,49.3,715.5,23.4,7.84,5.9,192.3,0.57,74.1,8.236
TAL-01022,2025,Centro-Oeste,Cultivar B,Misto,Irrigado,72.7,782.3,29.3,5.89,5.87,85.8,0.48,74.6,7.36
TAL-01026,2023,Sudeste,Cultivar A,Argiloso,Sequeiro,195.6,676.6,23.7,9.27,5.86,206.0,3.52,74.3,8.007
TAL-01412,2023,Norte,Cultivar A,Misto,Irrigado,27.5,695.9,29.4,6.95,6.47,187.1,0.94,57.3,6.76
TAL-01896,2025,Sul,Cultivar B,Misto,Irrigado,10.9,1165.0,24.2,7.94,6.21,143.1,5.22,75.1,8.582
TAL-01586,2025,Norte,Cultivar C,Misto,Sequeiro,12.9,525.8,,6.91,5.4,181.8,2.95,67.3,6.295
TAL-01105,2024,Sul,Cultivar B,Misto,Sequeiro,77.9,,24.8,7.34,5.59,348.5,1.53,62.7,9.55
TAL-00206,2023,Sul,Cultivar B,Misto,Irrigado,32.0,632.2,18.2,8.73,5.7,46.1,5.36,79.1,6.549
TAL-00035,2021,Sudeste,Cultivar A,Arenoso,Irrigado,6.8,822.9,28.7,4.51,6.26,298.4,,85.3,7.34
TAL-00776,2022,Nordeste,Cultivar A,Arenoso,Sequeiro,30.2,1336.4,28.1,7.67,5.73,234.1,0.57,80.0,6.431
TAL-00509,2025,Sudeste,Cultivar B,MISTO,Sequeiro,18.8,660.0,26.3,6.67,,195.8,2.92,68.1,7.663
TAL-01452,2022,Centro-Oeste,Cultivar B,Argiloso,Sequeiro,27.3,508.5,24.2,7.82,7.04,186.3,0.43,80.4,8.936
TAL-01479,2022,Sudeste,Cultivar C,Argiloso,Sequeiro,12.1,779.6,22.6,6.45,5.57,110.7,3.24,63.1,7.213
TAL-01986,2025,Norte,Cultivar A,Argiloso,Sequeiro,82.2,1212.5,18.2,6.68,6.45,161.0,3.26,80.6,5.611
TAL-01391,2024,Norte,Cultivar A,Argiloso,Sequeiro,84.7,1224.6,28.3,6.79,5.55,229.5,,66.0,6.668
TAL-00092,2021,Centro-Oeste,Cultivar C,Misto,Sequeiro,41.9,459.8,24.3,6.35,,145.6,,49.0,5.965
TAL-01364,2023,Sul,Cultivar B,Misto,Irrigado,25.1,733.7,21.4,6.2,5.96,226.6,3.33,86.5,8.925
TAL-00898,2022,Sul,Cultivar A,Argiloso,Sequeiro,18.0,767.1,,5.19,5.87,234.3,4.32,96.3,5.848
TAL-00565,2023,Centro-Oeste,Cultivar B,ARENOSO,Sequeiro,77.8,1042.3,23.6,6.59,7.51,173.0,1.22,59.8,9.228
TAL-01370,2025,Sudeste,Cultivar A,Arenoso,Irrigado,249.4,932.9,23.3,7.2,6.33,214.7,3.5,71.8,8.498
TAL-00777,2023,Centro-Oeste,Cultivar B,Argiloso,Sequeiro,14.9,586.4,25.2,3.87,5.9,112.4,3.43,52.1,7.395
TAL-00242,2025,Centro-Oeste,Cultivar A,Misto,Sequeiro,79.8,907.4,26.4,8.03,5.32,83.7,2.79,59.3,7.354
TAL-00014,2023,Nordeste,Cultivar A,Arenoso,Sequeiro,46.8,838.0,24.6,6.92,6.32,73.5,5.43,56.3,6.215
TAL-00316,2024,Sudeste,Cultivar A,Argiloso,Sequeiro,22.0,779.1,22.9,7.97,5.26,251.2,,66.7,8.493
TAL-00601,2023,Sudeste,Cultivar A,Argiloso,Sequeiro,36.1,749.8,23.2,8.58,,116.0,4.03,40.2,6.577
TAL-00388,2024,Norte,Cultivar A,Arenoso,Sequeiro,115.0,836.5,26.0,8.86,6.37,121.8,4.59,70.7,7.99
TAL-01298,2025,Sul,Cultivar A,Arenoso,Sequeiro,23.0,1386.4,23.1,3.12,5.81,334.1,5.4,63.8,5.924
TAL-00167,2024,Nordeste,Cultivar C,Arenoso,Sequeiro,43.1,444.7,22.2,6.57,5.26,108.7,5.57,64.6,4.642
TAL-00841,2022,Sul,Cultivar B,Misto,Irrigado,33.1,944.8,21.1,8.93,5.48,204.7,0.97,56.7,9.444
TAL-00021,2022,Centro-Oeste,Cultivar B,Arenoso,Irrigado,61.5,675.0,20.9,5.32,6.34,154.0,1.0,67.3,9.597
TAL-00647,2024,Sul,Cultivar B,Misto,Sequeiro,8.3,452.1,20.8,6.39,5.35,258.2,1.72,66.4,7.593
TAL-01843,2022,Sul,Cultivar B,Arenoso,Sequeiro,28.0,260.4,27.6,8.55,5.42,264.5,3.65,60.4,6.789
TAL-01509,2024,Sul,Cultivar B,Misto,Sequeiro,74.8,156.3,19.6,8.87,6.51,275.4,1.3,64.4,7.04
TAL-01155,2023,Centro-Oeste,Cultivar A,Arenoso,Irrigado,15.1,777.1,16.4,7.42,,238.7,,59.7,6.091
TAL-01529,2025,Sul,Cultivar C,Misto,Sequeiro,17.9,391.7,30.2,6.51,6.15,166.7,0.73,62.1,5.442
TAL-00832,2024,Centro-Oeste,Cultivar A,Arenoso,Sequeiro,97.8,1346.6,27.6,5.91,6.57,264.4,2.26,68.5,6.298
TAL-01268,2025,Norte,Cultivar B,Misto,Sequeiro,37.2,451.6,24.5,9.53,6.23,252.9,,63.6,8.514
TAL-01591,2024,Sul,Cultivar C,Argiloso,Sequeiro,6.2,835.9,23.8,5.61,6.61,93.4,6.35,63.8,6.068
TAL-01900,2025,Sul,Cultivar A,Arenoso,Sequeiro,96.2,1322.9,20.8,6.87,6.13,209.8,6.72,64.5,6.185
TAL-00563,2025,Nordeste,Cultivar B,Arenoso,Sequeiro,59.5,,21.6,3.38,5.8,180.2,,64.6,8.263
TAL-01967,2023,Centro-Oeste,Cultivar A,Misto,Sequeiro,338.9,953.7,20.3,8.05,6.57,67.8,1.77,69.6,8.085
TAL-00687,2025,Sudeste,Cultivar A,Arenoso,Irrigado,23.1,646.0,20.9,6.03,6.86,172.4,0.55,88.9,6.854
TAL-00958,2024,Centro-Oeste,Cultivar A,Arenoso,Sequeiro,43.4,1409.2,28.9,6.63,6.33,79.9,3.35,69.6,5.208
TAL-00190,2025,Sul,Cultivar C,Argiloso,Sequeiro,18.1,1644.2,26.7,7.84,5.36,160.7,1.8,76.3,5.419
TAL-01807,2024,Sul,Cultivar B,Argiloso,Irrigado,44.0,871.8,24.3,9.5,6.15,208.7,2.57,49.9,10.041
TAL-00976,2021,Centro-Oeste,Cultivar C,Argiloso,Sequeiro,27.0,,21.1,6.2,6.58,202.3,,58.9,7.588
TAL-00700,2021,Sudeste,Cultivar C,Misto,Sequeiro,33.5,1090.8,23.2,6.89,6.16,182.3,,63.3,7.612
TAL-01500,2022,Centro-Oeste,Cultivar C,Arenoso,Sequeiro,4.7,974.4,19.5,6.87,5.97,250.7,3.99,46.6,6.5
TAL-01706,2021,Norte,Cultivar A,Argiloso,Sequeiro,57.9,1230.9,27.7,8.91,5.76,174.2,1.13,67.8,7.097
TAL-00511,2022,Sul,Cultivar A,Argiloso,Irrigado,93.7,1382.6,22.5,6.68,6.05,237.5,0.92,72.7,7.554
TAL-01083,2021,Norte,Cultivar B,Argiloso,Irrigado,316.5,1169.0,27.5,8.16,5.15,195.7,3.81,63.6,7.246
TAL-00475,2022,Sul,Cultivar A,Argiloso,Sequeiro,34.9,677.5,19.6,7.81,,202.1,,55.9,7.07
TAL-01585,2025,Centro-Oeste,Cultivar C,Argiloso,Sequeiro,96.8,454.0,22.6,8.03,,298.0,4.92,57.1,8.327
TAL-00857,2025,Centro-Oeste,Cultivar B,Argiloso,Sequeiro,159.3,923.4,,7.27,6.39,246.5,1.27,62.5,9.603
TAL-00748,2025,Sudeste,Cultivar A,ARGILOSO,Sequeiro,39.0,842.6,,5.0,5.92,165.6,,55.9,7.805
TAL-00253,2024,Sudeste,Cultivar A,Arenoso,Sequeiro,53.3,895.0,22.2,7.99,7.16,233.6,3.33,52.2,6.974
TAL-00022,2022,Sudeste,Cultivar A,Arenoso,Irrigado,54.5,747.8,30.3,5.4,5.64,160.4,3.41,59.2,6.21
TAL-01338,2024,Centro-Oeste,Cultivar C,Argiloso,Sequeiro,64.1,948.3,25.1,7.14,5.36,159.7,0.47,48.5,7.946
TAL-00460,2024,Centro-Oeste,Cultivar B,Misto,Irrigado,8.4,657.3,25.7,5.59,6.48,236.8,,52.7,10.477
TAL-01185,2024,Sul,Cultivar A,Arenoso,Sequeiro,101.5,1039.6,21.3,7.84,5.32,164.8,2.02,60.5,8.107
TAL-00277,2023,Sudeste,Cultivar B,Argiloso,Sequeiro,8.4,885.2,23.2,6.87,5.22,248.3,3.04,41.1,8.243
TAL-00956,2023, Nordeste ,Cultivar A,Arenoso,Sequeiro,17.6,917.0,20.2,3.93,5.53,167.4,,66.4,5.391
TAL-01216,2024,Centro-Oeste,Cultivar B,Argiloso,Sequeiro,14.9,915.3,27.8,8.7,6.79,195.8,2.11,67.2,9.707
TAL-00386,2023,Norte,Cultivar B,Misto,Irrigado,44.4,417.3,23.2,6.73,7.2,165.9,2.01,44.0,7.923
TAL-00806,2024,Sul,Cultivar A,Argiloso,Irrigado,9.6,834.2,24.0,5.99,5.06,87.4,3.75,47.6,6.877
TAL-01438,2024,Centro-Oeste,Cultivar A,Arenoso,Sequeiro,10.1,1224.8,25.3,7.14,6.24,138.1,3.2,53.0,7.345
TAL-01516,2025,Sul,Cultivar B,Misto,Sequeiro,31.3,876.8,16.0,9.36,,269.9,2.65,85.0,6.043
TAL-00344,2023,Centro-Oeste,Cultivar A,Arenoso,Sequeiro,32.0,1017.3,22.6,8.19,6.72,155.3,,62.5,8.101
TAL-00770,2021,Centro-Oeste,Cultivar C,Argiloso,Sequeiro,25.5,1030.8,23.0,6.26,6.09,210.3,,57.8,8.088
TAL-01333,2023,Centro-Oeste,Cultivar A,Arenoso,Sequeiro,32.0,344.8,25.3,8.8,6.29,221.6,,60.9,6.788
TAL-01686,2021,Sul,Cultivar A,Arenoso,Irrigado,109.2,515.1,30.2,3.76,5.52,176.9,5.14,41.3,5.725
TAL-00131,2024,Sul,Cultivar A,Argiloso,Sequeiro,22.3,691.0,22.9,6.06,,191.8,2.99,73.6,7.428
TAL-01688,2025,Centro-Oeste,Cultivar C,Arenoso,Irrigado,20.8,757.8,17.4,6.46,6.79,147.9,,69.0,5.537
TAL-00872,2025,Sul,Cultivar A,Arenoso,Sequeiro,45.8,831.6,23.9,7.78,5.92,145.9,4.56,63.1,7.493
TAL-01124,2023,Sul,Cultivar A,Argiloso,Irrigado,41.5,744.0,23.6,4.83,6.12,220.4,,93.5,6.843
TAL-01397,2024,Centro-Oeste,Cultivar A,Arenoso,Sequeiro,29.4,695.0,20.7,9.95,5.15,207.1,,52.1,7.949
TAL-00088,2022,Sudeste,Cultivar A,Argiloso,Sequeiro,8.3,1156.4,22.7,7.41,7.26,255.3,,61.3,7.641
TAL-01483,2025,Centro-Oeste,Cultivar C,Argiloso,Sequeiro,103.2,603.9,20.9,7.21,4.77,273.7,4.36,76.6,6.635
TAL-00331,2022,Centro-Oeste,Cultivar B,Arenoso,Sequeiro,22.0,698.2,20.8,8.89,5.86,187.7,5.34,61.2,9.467
TAL-01239,2025,Sul,Cultivar A,Argiloso,Sequeiro,24.3,934.9,23.6,6.68,6.27,213.3,,64.9,9.898
TAL-00467,2023,Centro-Oeste,Cultivar C,Arenoso,Sequeiro,17.6,532.1,19.9,4.55,5.62,164.0,,67.7,5.973
TAL-00122,2024,Centro-Oeste,Cultivar A,Misto,Sequeiro,37.0,808.5,27.8,7.91,5.56,173.2,,68.3,8.005
TAL-01639,2024,Sul,Cultivar C,ARENOSO,Sequeiro,14.1,997.9,27.2,7.44,6.29,208.5,3.31,71.0,7.748
TAL-01045,2022,Sul,Cultivar B,ARENOSO,Irrigado,255.4,920.7,19.1,8.75,5.64,78.3,5.62,61.2,7.322
TAL-01725,2024,Sudeste,Cultivar C,Misto,Irrigado,23.3,948.7,21.6,4.53,6.59,257.7,1.23,76.5,7.231
TAL-01096,2024,Sudeste,Cultivar A,Argiloso,Sequeiro,231.7,1416.2,19.5,7.46,6.35,109.9,3.24,68.7,5.99
TAL-01131,2021, Norte ,Cultivar A,Arenoso,Sequeiro,18.2,851.8,,9.21,6.29,93.1,3.63,69.4,8.187
TAL-01295,2022,Sudeste,Cultivar A,Misto,Sequeiro,48.1,774.2,27.7,7.67,4.95,153.2,5.09,71.8,6.842
TAL-00861,2022,Centro-Oeste,Cultivar A,Argiloso,Sequeiro,94.5,710.2,,7.09,6.33,134.5,1.07,51.9,4.087
TAL-01460,2025,Sudeste,Cultivar B,Arenoso,Irrigado,55.7,,,8.61,5.83,174.9,5.35,69.0,9.3
TAL-01127,2022,Centro-Oeste,Cultivar B,Argiloso,Sequeiro,98.0,874.8,23.2,4.02,5.82,238.6,0.48,85.3,9.172
